Bioma,Specie,Sesso,analisar,local,ordemTPS,long,lat,bio1,bio2,bio3,bio4,bio5,bio6,bio7,bio8,bio9,bio10,bio11,bio12,bio13,bio14,bio15,bio16,bio17,bio18,bio19,AET,NPP,CHMmais2
AF,Sapajus_nigritus,M,y,45,1,-51.767,-27.417,1.264817823,2.056904851,1.740362689,3.499274582,2.456366033,1.908485019,2.311753861,2.235528447,2.250420002,2.346352974,2.155336037,3.229681842,2.303196057,2.053078443,1.278753601,2.7084209,2.565847819,2.650307523,2.565847819,1.837791645,0.045714036,1.322219295
SV,Sapajus_cay,Indefinito,n,25,2,-56.283,-21.8,1.367355921,2.068185862,1.785329835,3.396548038,2.503790683,2.10720997,2.281033367,2.408239965,2.29666519,2.411619706,2.29666519,3.135768515,2.245512668,1.633468456,1.568201724,2.698100546,2.209515015,2.611723308,2.372912003,1.984327914,-0.121478215,1.041392685
AM,Sapajus_apella,M,y,5,3,-49.217,-5.233,1.431363764,1.991226076,1.908485019,2.521138084,2.522444234,2.328379603,2.079181246,2.424881637,2.436162647,2.437750563,2.424881637,3.280805928,2.555094449,1.204119983,1.892094603,2.992111488,1.826074803,1.913813852,2.992111488,1.961619455,-0.136677129,0.301029996
AM,Sapajus_apella,M,y,5,4,-49.217,-5.233,1.431363764,1.991226076,1.908485019,2.521138084,2.522444234,2.328379603,2.079181246,2.424881637,2.436162647,2.437750563,2.424881637,3.280805928,2.555094449,1.204119983,1.892094603,2.992111488,1.826074803,1.913813852,2.992111488,1.961619455,-0.136677129,0.301029996
AM,Sapajus_apella,M,y,5,5,-49.217,-5.233,1.431363764,1.991226076,1.908485019,2.521138084,2.522444234,2.328379603,2.079181246,2.424881637,2.436162647,2.437750563,2.424881637,3.280805928,2.555094449,1.204119983,1.892094603,2.992111488,1.826074803,1.913813852,2.992111488,1.961619455,-0.136677129,0.301029996
AM,Sapajus_apella,M,y,5,6,-49.217,-5.233,1.431363764,1.991226076,1.908485019,2.521138084,2.522444234,2.328379603,2.079181246,2.424881637,2.436162647,2.437750563,2.424881637,3.280805928,2.555094449,1.204119983,1.892094603,2.992111488,1.826074803,1.913813852,2.992111488,1.961619455,-0.136677129,0.301029996
AM,Sapajus_apella,F,y,15,7,-59,-2.883,1.42975228,1.934498451,1.913813852,2.64246452,2.511883361,2.344392274,2.017033339,2.423245874,2.436162647,2.439332694,2.423245874,3.34752516,2.499687083,1.924279286,1.633468456,2.930949031,2.434568904,2.46686762,2.928395852,2.098737151,-0.084072788,1.491361694
AM,Sapajus_apella,F,y,14,8,-59.05,-2.9,1.432969291,1.934498451,1.913813852,2.632457292,2.514547753,2.348304863,2.017033339,2.426511261,2.439332694,2.442479769,2.424881637,3.351603072,2.494154594,1.939519253,1.62324929,2.92890769,2.445604203,2.482873584,2.924795996,2.093419227,-0.06449274,1.278753601
AM,Sapajus_apella,F,y,6,9,-72.883,-5.167,1.418301291,2,1.919078092,2.600972896,2.506505032,2.303196057,2.079181246,2.419955748,2.411619706,2.424881637,2.408239965,3.378579576,2.456366033,2.004321374,1.477121255,2.892094603,2.547774705,2.796574333,2.550228353,2.104203285,-0.007446491,1.51851394
SV,Sapajus_apella,M,y,1,10,-52.25,-15.883,1.408239965,2.096910013,1.819543936,3.102433706,2.527629901,2.173186268,2.274157849,2.418301291,2.376576957,2.428134794,2.374748346,3.202488317,2.492760389,0.698970004,1.908485019,2.909020854,1.431363764,2.615950052,1.633468456,1.906754063,-0.119186413,0.301029996
AM,Sapajus_apella,F,y,13,11,-58.95,-2.917,1.428134794,1.934498451,1.908485019,2.633468456,2.511883361,2.342422681,2.021189299,2.421603927,2.434568904,2.437750563,2.421603927,3.343999069,2.501059262,1.913813852,1.643452676,2.931966115,2.424881637,2.45484486,2.931457871,2.098737151,-0.084072788,1.531478917
AM,Sapajus_apella,F,y,12,12,-59.983,-3.067,1.437750563,1.919078092,1.908485019,2.668385917,2.517195898,2.356025857,2.008600172,2.431363764,2.445604203,2.447158031,2.42975228,3.334252642,2.465382851,1.792391689,1.653212514,2.919078092,2.348304863,2.439332694,2.910624405,2.091748886,-0.051587029,1.146128036
AM,Sapajus_apella,F,y,13,13,-58.95,-2.917,1.428134794,1.934498451,1.908485019,2.633468456,2.511883361,2.342422681,2.021189299,2.421603927,2.434568904,2.437750563,2.421603927,3.343999069,2.501059262,1.913813852,1.643452676,2.931966115,2.424881637,2.45484486,2.931457871,2.098737151,-0.084072788,1.531478917
AM,Sapajus_apella,F,y,13,14,-58.95,-2.917,1.428134794,1.934498451,1.908485019,2.633468456,2.511883361,2.342422681,2.021189299,2.421603927,2.434568904,2.437750563,2.421603927,3.343999069,2.501059262,1.913813852,1.643452676,2.931966115,2.424881637,2.45484486,2.931457871,2.098737151,-0.084072788,1.531478917
AM,Sapajus_apella,F,y,3,15,-63.467,-8.75,1.414973348,2.012837225,1.857332496,2.762678564,2.51851394,2.271841607,2.155336037,2.411619706,2.408239965,2.426511261,2.401400541,3.359835482,2.558708571,1.361727836,1.799340549,3.004321374,1.991226076,2.699837726,2.274157849,2.038624145,-0.069050976,1.491361694
AM,Sapajus_apella,F,y,3,16,-63.467,-8.75,1.414973348,2.012837225,1.857332496,2.762678564,2.51851394,2.271841607,2.155336037,2.411619706,2.408239965,2.426511261,2.401400541,3.359835482,2.558708571,1.361727836,1.799340549,3.004321374,1.991226076,2.699837726,2.274157849,2.038624145,-0.069050976,1.491361694
AM,Sapajus_apella,M,y,3,17,-63.467,-8.75,1.414973348,2.012837225,1.857332496,2.762678564,2.51851394,2.271841607,2.155336037,2.411619706,2.408239965,2.426511261,2.401400541,3.359835482,2.558708571,1.361727836,1.799340549,3.004321374,1.991226076,2.699837726,2.274157849,2.038624145,-0.069050976,1.491361694
AM,Sapajus_apella,M,y,3,18,-63.467,-8.75,1.414973348,2.012837225,1.857332496,2.762678564,2.51851394,2.271841607,2.155336037,2.411619706,2.408239965,2.426511261,2.401400541,3.359835482,2.558708571,1.361727836,1.799340549,3.004321374,1.991226076,2.699837726,2.274157849,2.038624145,-0.069050976,1.491361694
AM,Sapajus_apella,M,y,3,19,-63.467,-8.75,1.414973348,2.012837225,1.857332496,2.762678564,2.51851394,2.271841607,2.155336037,2.411619706,2.408239965,2.426511261,2.401400541,3.359835482,2.558708571,1.361727836,1.799340549,3.004321374,1.991226076,2.699837726,2.274157849,2.038624145,-0.069050976,1.491361694
AM,Sapajus_apella,M,y,10,20,-49.783,-4.317,1.432969291,2.012837225,1.939519253,2.517195898,2.521138084,2.330413773,2.071882007,2.428134794,2.437750563,2.439332694,2.424881637,3.362859303,2.630427875,1.414973348,1.886490725,3.081347308,1.973127854,2.139879086,3.06595298,1.986999104,-0.052076368,1.431363764
AM,Sapajus_apella,F,y,3,21,-63.467,-8.75,1.414973348,2.012837225,1.857332496,2.762678564,2.51851394,2.271841607,2.155336037,2.411619706,2.408239965,2.426511261,2.401400541,3.359835482,2.558708571,1.361727836,1.799340549,3.004321374,1.991226076,2.699837726,2.274157849,2.038624145,-0.069050976,1.491361694
AM,Sapajus_apella,M,y,3,22,-63.467,-8.75,1.414973348,2.012837225,1.857332496,2.762678564,2.51851394,2.271841607,2.155336037,2.411619706,2.408239965,2.426511261,2.401400541,3.359835482,2.558708571,1.361727836,1.799340549,3.004321374,1.991226076,2.699837726,2.274157849,2.038624145,-0.069050976,1.491361694
AM,Sapajus_apella,M,y,3,23,-63.467,-8.75,1.414973348,2.012837225,1.857332496,2.762678564,2.51851394,2.271841607,2.155336037,2.411619706,2.408239965,2.426511261,2.401400541,3.359835482,2.558708571,1.361727836,1.799340549,3.004321374,1.991226076,2.699837726,2.274157849,2.038624145,-0.069050976,1.491361694
AM,Sapajus_apella,M,y,3,24,-63.467,-8.75,1.414973348,2.012837225,1.857332496,2.762678564,2.51851394,2.271841607,2.155336037,2.411619706,2.408239965,2.426511261,2.401400541,3.359835482,2.558708571,1.361727836,1.799340549,3.004321374,1.991226076,2.699837726,2.274157849,2.038624145,-0.069050976,1.491361694
AM,Sapajus_apella,M,y,3,25,-63.467,-8.75,1.414973348,2.012837225,1.857332496,2.762678564,2.51851394,2.271841607,2.155336037,2.411619706,2.408239965,2.426511261,2.401400541,3.359835482,2.558708571,1.361727836,1.799340549,3.004321374,1.991226076,2.699837726,2.274157849,2.038624145,-0.069050976,1.491361694
AM,Sapajus_apella,M,y,20,26,-57.033,-1.083,1.439332694,1.954242509,1.908485019,2.781755375,2.5289167,2.356025857,2.045322979,2.42975228,2.447158031,2.451786436,2.428134794,3.412292509,2.610660163,1.939519253,1.681241237,3.047274867,2.5132176,2.517195898,2.956648579,2.115445089,-0.134303924,1.491361694
AM,Sapajus_apella,M,y,20,27,-57.033,-1.083,1.439332694,1.954242509,1.908485019,2.781755375,2.5289167,2.356025857,2.045322979,2.42975228,2.447158031,2.451786436,2.428134794,3.412292509,2.610660163,1.939519253,1.681241237,3.047274867,2.5132176,2.517195898,2.956648579,2.115445089,-0.134303924,1.491361694
AM,Sapajus_apella,F,y,20,28,-57.033,-1.083,1.439332694,1.954242509,1.908485019,2.781755375,2.5289167,2.356025857,2.045322979,2.42975228,2.447158031,2.451786436,2.428134794,3.412292509,2.610660163,1.939519253,1.681241237,3.047274867,2.5132176,2.517195898,2.956648579,2.115445089,-0.134303924,1.491361694
AM,Sapajus_apella,F,y,20,29,-57.033,-1.083,1.439332694,1.954242509,1.908485019,2.781755375,2.5289167,2.356025857,2.045322979,2.42975228,2.447158031,2.451786436,2.428134794,3.412292509,2.610660163,1.939519253,1.681241237,3.047274867,2.5132176,2.517195898,2.956648579,2.115445089,-0.134303924,1.491361694
AM,Sapajus_apella,M,y,20,30,-57.033,-1.083,1.439332694,1.954242509,1.908485019,2.781755375,2.5289167,2.356025857,2.045322979,2.42975228,2.447158031,2.451786436,2.428134794,3.412292509,2.610660163,1.939519253,1.681241237,3.047274867,2.5132176,2.517195898,2.956648579,2.115445089,-0.134303924,1.491361694
AM,Sapajus_apella,F,y,20,31,-57.033,-1.083,1.439332694,1.954242509,1.908485019,2.781755375,2.5289167,2.356025857,2.045322979,2.42975228,2.447158031,2.451786436,2.428134794,3.412292509,2.610660163,1.939519253,1.681241237,3.047274867,2.5132176,2.517195898,2.956648579,2.115445089,-0.134303924,1.491361694
AM,Sapajus_apella,M,y,20,32,-57.033,-1.083,1.439332694,1.954242509,1.908485019,2.781755375,2.5289167,2.356025857,2.045322979,2.42975228,2.447158031,2.451786436,2.428134794,3.412292509,2.610660163,1.939519253,1.681241237,3.047274867,2.5132176,2.517195898,2.956648579,2.115445089,-0.134303924,1.491361694
AM,Sapajus_apella,F,y,20,33,-57.033,-1.083,1.439332694,1.954242509,1.908485019,2.781755375,2.5289167,2.356025857,2.045322979,2.42975228,2.447158031,2.451786436,2.428134794,3.412292509,2.610660163,1.939519253,1.681241237,3.047274867,2.5132176,2.517195898,2.956648579,2.115445089,-0.134303924,1.491361694
AM,Sapajus_apella,F,y,20,34,-57.033,-1.083,1.439332694,1.954242509,1.908485019,2.781755375,2.5289167,2.356025857,2.045322979,2.42975228,2.447158031,2.451786436,2.428134794,3.412292509,2.610660163,1.939519253,1.681241237,3.047274867,2.5132176,2.517195898,2.956648579,2.115445089,-0.134303924,1.491361694
AM,Sapajus_apella,M,y,20,35,-57.033,-1.083,1.439332694,1.954242509,1.908485019,2.781755375,2.5289167,2.356025857,2.045322979,2.42975228,2.447158031,2.451786436,2.428134794,3.412292509,2.610660163,1.939519253,1.681241237,3.047274867,2.5132176,2.517195898,2.956648579,2.115445089,-0.134303924,1.491361694
AM,Sapajus_apella,F,y,8,36,-45.9,-4.733,1.419955748,2.037426498,1.892094603,2.728353782,2.521138084,2.28780173,2.139879086,2.414973348,2.421603927,2.431363764,2.409933123,3.122215878,2.418301291,1.079181246,1.919078092,2.870403905,1.643452676,2.08278537,2.190331698,1.907316229,-0.225483013,1.361727836
AM,Sapajus_apella,M,y,4,37,-45.233,-5.5,1.423245874,2.041392685,1.84509804,2.911157609,2.536558443,2.276461804,2.190331698,2.414973348,2.423245874,2.442479769,2.408239965,3.057666104,2.392696953,0.77815125,1.929418926,2.798650645,1.51851394,1.838849091,2.389166084,1.850494895,-0.280668722,1.079181246
AF,Sapajus_xanthosternos,M,n,79,38,-38.867,-15.85,1.383815366,1.86332286,1.812913357,3.08170727,2.46834733,2.26245109,2.045322979,2.352182518,2.403120521,2.40654018,2.352182518,3.206825876,2.247973266,2.029383778,1.230448921,2.691081492,2.534026106,2.545307116,2.63447727,2.000070769,0.00086771,0.301029996
AF,Sapajus_xanthosternos,M,n,79,39,-38.867,-15.85,1.383815366,1.86332286,1.812913357,3.08170727,2.46834733,2.26245109,2.045322979,2.352182518,2.403120521,2.40654018,2.352182518,3.206825876,2.247973266,2.029383778,1.230448921,2.691081492,2.534026106,2.545307116,2.63447727,2.000070769,0.00086771,0.301029996
AM,Sapajus_apella,F,y,8,40,-45.9,-4.733,1.419955748,2.037426498,1.892094603,2.728353782,2.521138084,2.28780173,2.139879086,2.414973348,2.421603927,2.431363764,2.409933123,3.122215878,2.418301291,1.079181246,1.919078092,2.870403905,1.643452676,2.08278537,2.190331698,1.907316229,-0.225483013,1.361727836
AF,Sapajus_xanthosternos,F,n,79,41,-38.867,-15.85,1.383815366,1.86332286,1.812913357,3.08170727,2.46834733,2.26245109,2.045322979,2.352182518,2.403120521,2.40654018,2.352182518,3.206825876,2.247973266,2.029383778,1.230448921,2.691081492,2.534026106,2.545307116,2.63447727,2.000070769,0.00086771,0.301029996
AF,Sapajus_xanthosternos,M,n,78,42,-42.55,-19.7,1.369215857,2.075546961,1.799340549,3.296445794,2.506505032,2.127104798,2.271841607,2.399673721,2.31386722,2.409933123,2.31386722,3.059184618,2.328379603,1.079181246,1.897627091,2.797959644,1.633468456,2.656098202,1.633468456,1.897126521,-0.017728776,1.544068044
AF,Sapajus_xanthosternos,Indefinito,n,80,43,-40.917,-13.917,1.380211242,2.004321374,1.851258349,3.13001195,2.484299839,2.214843848,2.149219113,2.397940009,2.340444115,2.404833717,2.340444115,2.767897616,2.103803721,0.477121255,1.919078092,2.499687083,1.278753601,2.356025857,1.278753601,1.656532268,-0.089909442,0.301029996
AM,Sapajus_apella,M,y,7,44,-46.567,-4.983,1.411619706,2.064457989,1.875061263,2.666517981,2.523746467,2.257678575,2.184691431,2.408239965,2.413299764,2.421603927,2.401400541,3.090610708,2.396199347,1.041392685,1.908485019,2.829303773,1.653212514,2.164352856,2.056904851,1.913615205,-0.175223549,1.447158031
AM,Sapajus_apella,M,y,16,45,-43.45,-2.617,1.434568904,1.929418926,1.908485019,2.7355989,2.514547753,2.348304863,2.017033339,2.424881637,2.445604203,2.445604203,2.424881637,3.233757363,2.552668216,0.84509804,1.954242509,2.987666265,1.414973348,1.414973348,2.987666265,1.945387343,-0.282329485,1.113943352
AM,Sapajus_apella,F,y,7,46,-46.567,-4.983,1.411619706,2.064457989,1.875061263,2.666517981,2.523746467,2.257678575,2.184691431,2.408239965,2.413299764,2.421603927,2.401400541,3.090610708,2.396199347,1.041392685,1.908485019,2.829303773,1.653212514,2.164352856,2.056904851,1.913615205,-0.175223549,1.447158031
AM,Sapajus_apella,M,y,8,47,-45.9,-4.733,1.419955748,2.037426498,1.892094603,2.728353782,2.521138084,2.28780173,2.139879086,2.414973348,2.421603927,2.431363764,2.409933123,3.122215878,2.418301291,1.079181246,1.919078092,2.870403905,1.643452676,2.08278537,2.190331698,1.907316229,-0.225483013,1.361727836
AM,Sapajus_apella,M,y,16,48,-43.45,-2.617,1.434568904,1.929418926,1.908485019,2.7355989,2.514547753,2.348304863,2.017033339,2.424881637,2.445604203,2.445604203,2.424881637,3.233757363,2.552668216,0.84509804,1.954242509,2.987666265,1.414973348,1.414973348,2.987666265,1.945387343,-0.282329485,1.113943352
AM,Sapajus_apella,M,y,16,49,-43.45,-2.617,1.434568904,1.929418926,1.908485019,2.7355989,2.514547753,2.348304863,2.017033339,2.424881637,2.445604203,2.445604203,2.424881637,3.233757363,2.552668216,0.84509804,1.954242509,2.987666265,1.414973348,1.414973348,2.987666265,1.945387343,-0.282329485,1.113943352
AM,Sapajus_apella,F,y,3,50,-63.467,-8.75,1.414973348,2.012837225,1.857332496,2.762678564,2.51851394,2.271841607,2.155336037,2.411619706,2.408239965,2.426511261,2.401400541,3.359835482,2.558708571,1.361727836,1.799340549,3.004321374,1.991226076,2.699837726,2.274157849,2.038624145,-0.069050976,1.491361694
AM,Sapajus_apella,M,y,42,51,-70.783,-7.383,1.408239965,2.021189299,1.908485019,2.67669361,2.499687083,2.271841607,2.11058971,2.409933123,2.396199347,2.416640507,2.394451681,3.36660971,2.460897843,1.763427994,1.633468456,2.926856709,2.352182518,2.764176132,2.482873584,2.057140214,-0.010550177,1.612783857
AM,Sapajus_apella,M,y,42,52,-70.783,-7.383,1.408239965,2.021189299,1.908485019,2.67669361,2.499687083,2.271841607,2.11058971,2.409933123,2.396199347,2.416640507,2.394451681,3.36660971,2.460897843,1.763427994,1.633468456,2.926856709,2.352182518,2.764176132,2.482873584,2.057140214,-0.010550177,1.612783857
AM,Sapajus_apella,F,y,42,53,-70.783,-7.383,1.408239965,2.021189299,1.908485019,2.67669361,2.499687083,2.271841607,2.11058971,2.409933123,2.396199347,2.416640507,2.394451681,3.36660971,2.460897843,1.763427994,1.633468456,2.926856709,2.352182518,2.764176132,2.482873584,2.057140214,-0.010550177,1.612783857
AM,Sapajus_apella,F,y,42,54,-70.783,-7.383,1.408239965,2.021189299,1.908485019,2.67669361,2.499687083,2.271841607,2.11058971,2.409933123,2.396199347,2.416640507,2.394451681,3.36660971,2.460897843,1.763427994,1.633468456,2.926856709,2.352182518,2.764176132,2.482873584,2.057140214,-0.010550177,1.612783857
AM,Sapajus_apella,F,y,42,55,-70.783,-7.383,1.408239965,2.021189299,1.908485019,2.67669361,2.499687083,2.271841607,2.11058971,2.409933123,2.396199347,2.416640507,2.394451681,3.36660971,2.460897843,1.763427994,1.633468456,2.926856709,2.352182518,2.764176132,2.482873584,2.057140214,-0.010550177,1.612783857
AM,Sapajus_apella,F,y,42,56,-70.783,-7.383,1.408239965,2.021189299,1.908485019,2.67669361,2.499687083,2.271841607,2.11058971,2.409933123,2.396199347,2.416640507,2.394451681,3.36660971,2.460897843,1.763427994,1.633468456,2.926856709,2.352182518,2.764176132,2.482873584,2.057140214,-0.010550177,1.612783857
AM,Sapajus_apella,M,y,42,57,-70.783,-7.383,1.408239965,2.021189299,1.908485019,2.67669361,2.499687083,2.271841607,2.11058971,2.409933123,2.396199347,2.416640507,2.394451681,3.36660971,2.460897843,1.763427994,1.633468456,2.926856709,2.352182518,2.764176132,2.482873584,2.057140214,-0.010550177,1.612783857
AM,Sapajus_apella,M,y,3,58,-63.467,-8.75,1.414973348,2.012837225,1.857332496,2.762678564,2.51851394,2.271841607,2.155336037,2.411619706,2.408239965,2.426511261,2.401400541,3.359835482,2.558708571,1.361727836,1.799340549,3.004321374,1.991226076,2.699837726,2.274157849,2.038624145,-0.069050976,1.491361694
AM,Sapajus_apella,F,y,42,59,-70.783,-7.383,1.408239965,2.021189299,1.908485019,2.67669361,2.499687083,2.271841607,2.11058971,2.409933123,2.396199347,2.416640507,2.394451681,3.36660971,2.460897843,1.763427994,1.633468456,2.926856709,2.352182518,2.764176132,2.482873584,2.057140214,-0.010550177,1.612783857
AM,Sapajus_apella,M,y,42,60,-70.783,-7.383,1.408239965,2.021189299,1.908485019,2.67669361,2.499687083,2.271841607,2.11058971,2.409933123,2.396199347,2.416640507,2.394451681,3.36660971,2.460897843,1.763427994,1.633468456,2.926856709,2.352182518,2.764176132,2.482873584,2.057140214,-0.010550177,1.612783857
AM,Sapajus_apella,M,y,42,61,-70.783,-7.383,1.408239965,2.021189299,1.908485019,2.67669361,2.499687083,2.271841607,2.11058971,2.409933123,2.396199347,2.416640507,2.394451681,3.36660971,2.460897843,1.763427994,1.633468456,2.926856709,2.352182518,2.764176132,2.482873584,2.057140214,-0.010550177,1.612783857
AM,Sapajus_apella,M,y,44,62,-66.683,-1.867,1.409933123,1.959041392,1.934498451,2.559906625,2.492760389,2.31386722,2.021189299,2.408239965,2.416640507,2.416640507,2.401400541,3.475816413,2.525044807,2.255272505,1.278753601,2.972665592,2.770115295,2.770115295,2.925312091,2.091096893,0.001733691,1.531478917
AM,Sapajus_apella,M,y,43,63,-65.267,-2.267,1.421603927,1.968482949,1.939519253,2.53529412,2.50242712,2.326335861,2.025305865,2.416640507,2.421603927,2.428134794,2.411619706,3.554852434,2.611723308,2.346352974,1.301029996,3.064083436,2.836324116,2.873901598,2.985426474,2.093072007,0.00086771,1.342422681
SV,Sapajus_libidinosus,M,y,41,64,-45.317,-4.033,1.436162647,2.004321374,1.903089987,2.743509765,2.530199698,2.330413773,2.096910013,2.431363764,2.439332694,2.44870632,2.426511261,3.208978517,2.534026106,1.204119983,1.934498451,2.960946196,1.77815125,2.021189299,2.705863712,1.928926626,-0.225483013,1.079181246
SV,Sapajus_libidinosus,M,y,40,65,-36.617,-9.4,1.371067862,1.977723605,1.838849091,3.200576927,2.489958479,2.235528447,2.136720567,2.334453751,2.392696953,2.399673721,2.326335861,3.049992857,2.271841607,1.322219295,1.812913357,2.745074792,1.959041392,1.991226076,2.681241237,1.757720882,-0.389339845,1.113943352
SV,Sapajus_libidinosus,F,y,32,66,-48.167,-18.367,1.374748346,2.093421685,1.832508913,3.225567713,2.492760389,2.113943352,2.257678575,2.397940009,2.330413773,2.397940009,2.322219295,3.134495856,2.445604203,0.84509804,1.929418926,2.868644438,1.361727836,2.796574333,1.602059991,1.91569365,-0.22040351,0.301029996
SV,Sapajus_libidinosus,F,y,34,67,-49.267,-16.667,1.36361198,2.053078443,1.819543936,3.186673867,2.482873584,2.123851641,2.23299611,2.378397901,2.342422681,2.387389826,2.315970345,3.156851901,2.392696953,0.77815125,1.880813592,2.837588438,1.447158031,2.320146286,2.167317335,1.899950649,-0.12667941,0.301029996
AM,Sapajus_apella,F,y,3,68,-63.467,-8.75,1.414973348,2.012837225,1.857332496,2.762678564,2.51851394,2.271841607,2.155336037,2.411619706,2.408239965,2.426511261,2.401400541,3.359835482,2.558708571,1.361727836,1.799340549,3.004321374,1.991226076,2.699837726,2.274157849,2.038624145,-0.069050976,1.491361694
SV,Sapajus_libidinosus,F,y,36,69,-51.633,-15.55,1.411619706,2.08278537,1.84509804,3.033423755,2.525044807,2.212187604,2.235528447,2.419955748,2.387389826,2.428134794,2.382017043,3.182414652,2.457881897,0.698970004,1.913813852,2.898725182,1.255272505,2.583198774,1.602059991,1.925602393,-0.150580576,0.301029996
SV,Sapajus_libidinosus,M,y,36,70,-51.633,-15.55,1.411619706,2.08278537,1.84509804,3.033423755,2.525044807,2.212187604,2.235528447,2.419955748,2.387389826,2.428134794,2.382017043,3.182414652,2.457881897,0.698970004,1.913813852,2.898725182,1.255272505,2.583198774,1.602059991,1.925602393,-0.150580576,0.301029996
SV,Sapajus_libidinosus,M,y,33,71,-51.717,-17.883,1.371067862,2.075546961,1.857332496,3.057666104,2.489958479,2.161368002,2.214843848,2.383815366,2.344392274,2.387389826,2.334453751,3.18610838,2.439332694,1.230448921,1.84509804,2.855519156,1.755874856,2.584331224,1.924279286,1.911999819,-0.181114599,0.301029996
SV,Sapajus_libidinosus,M,y,33,72,-51.717,-17.883,1.371067862,2.075546961,1.857332496,3.057666104,2.489958479,2.161368002,2.214843848,2.383815366,2.344392274,2.387389826,2.334453751,3.18610838,2.439332694,1.230448921,1.84509804,2.855519156,1.755874856,2.584331224,1.924279286,1.911999819,-0.181114599,0.301029996
SV,Sapajus_libidinosus,M,y,33,73,-51.717,-17.883,1.371067862,2.075546961,1.857332496,3.057666104,2.489958479,2.161368002,2.214843848,2.383815366,2.344392274,2.387389826,2.334453751,3.18610838,2.439332694,1.230448921,1.84509804,2.855519156,1.755874856,2.584331224,1.924279286,1.911999819,-0.181114599,0.301029996
SV,Sapajus_libidinosus,F,y,35,74,-49.967,-16.45,1.367355921,2.029383778,1.832508913,3.081347308,2.484299839,2.170261715,2.195899652,2.376576957,2.357934847,2.389166084,2.330413773,3.192009593,2.456366033,0.602059991,1.897627091,2.887054378,1.255272505,2.307496038,2.178976947,1.880583817,-0.12667941,0.301029996
SV,Sapajus_libidinosus,M,y,35,75,-49.967,-16.45,1.367355921,2.029383778,1.832508913,3.081347308,2.484299839,2.170261715,2.195899652,2.376576957,2.357934847,2.389166084,2.330413773,3.192009593,2.456366033,0.602059991,1.897627091,2.887054378,1.255272505,2.307496038,2.178976947,1.880583817,-0.12667941,0.301029996
SV,Sapajus_cay,M,y,29,76,-56.5,-20.183,1.397940009,2.064457989,1.806179974,3.370698093,2.519827994,2.178976947,2.255272505,2.436162647,2.334453751,2.436162647,2.334453751,3.121887985,2.342422681,1.431363764,1.73239376,2.758911892,2.056904851,2.758911892,2.23299611,2.022250153,-0.183758719,1.176091259
AM,Sapajus_apella,F,y,3,77,-63.467,-8.75,1.414973348,2.012837225,1.857332496,2.762678564,2.51851394,2.271841607,2.155336037,2.411619706,2.408239965,2.426511261,2.401400541,3.359835482,2.558708571,1.361727836,1.799340549,3.004321374,1.991226076,2.699837726,2.274157849,2.038624145,-0.069050976,1.491361694
SV,Sapajus_cay,M,y,29,78,-56.5,-20.183,1.397940009,2.064457989,1.806179974,3.370698093,2.519827994,2.178976947,2.255272505,2.436162647,2.334453751,2.436162647,2.334453751,3.121887985,2.342422681,1.431363764,1.73239376,2.758911892,2.056904851,2.758911892,2.23299611,2.022250153,-0.183758719,1.176091259
SV,Sapajus_cay,Indefinito,n,26,79,-52.25,-21.717,1.367355921,2.089905111,1.806179974,3.382917135,2.498310554,2.096910013,2.278753601,2.413299764,2.303196057,2.413299764,2.29666519,3.065579715,2.227886705,1.505149978,1.672097858,2.688419822,2.093421685,2.688419822,2.198657087,1.919085957,-0.258848402,0.301029996
SV,Sapajus_cay,M,y,30,80,-57.65,-19,1.401400541,2.029383778,1.819543936,3.331427297,2.51851394,2.225309282,2.209515015,2.434568904,2.352182518,2.434568904,2.344392274,3.032618761,2.255272505,1.414973348,1.755874856,2.669316881,1.939519253,2.658964843,2.06069784,1.924612629,-0.289882626,0.301029996
SV,Sapajus_cay,F,y,30,81,-57.65,-19,1.401400541,2.029383778,1.819543936,3.331427297,2.51851394,2.225309282,2.209515015,2.434568904,2.352182518,2.434568904,2.344392274,3.032618761,2.255272505,1.414973348,1.755874856,2.669316881,1.939519253,2.658964843,2.06069784,1.924612629,-0.289882626,0.301029996
SV,Sapajus_cay,F,y,31,82,-54.75,-18.483,1.404833717,2.089905111,1.812913357,3.25163822,2.527629901,2.176091259,2.271841607,2.424881637,2.374748346,2.432969291,2.356025857,3.171141151,2.394451681,1.380211242,1.799340549,2.843232778,1.973127854,2.53529412,2.117271296,2.009884133,-0.089909442,1.113943352
SV,Sapajus_cay,F,y,28,83,-56.367,-20.233,1.392696953,2.068185862,1.806179974,3.367914739,2.517195898,2.170261715,2.257678575,2.432969291,2.330413773,2.432969291,2.330413773,3.13001195,2.348304863,1.447158031,1.72427587,2.765668555,2.068185862,2.765668555,2.068185862,2.022250153,-0.183758719,0.301029996
SV,Sapajus_cay,M,y,28,84,-56.367,-20.233,1.392696953,2.068185862,1.806179974,3.367914739,2.517195898,2.170261715,2.257678575,2.432969291,2.330413773,2.432969291,2.330413773,3.13001195,2.348304863,1.447158031,1.72427587,2.765668555,2.068185862,2.765668555,2.068185862,2.022250153,-0.183758719,0.301029996
SV,Sapajus_cay,M,y,30,85,-57.65,-19,1.401400541,2.029383778,1.819543936,3.331427297,2.51851394,2.225309282,2.209515015,2.434568904,2.352182518,2.434568904,2.344392274,3.032618761,2.255272505,1.414973348,1.755874856,2.669316881,1.939519253,2.658964843,2.06069784,1.924612629,-0.289882626,0.301029996
SV,Sapajus_cay,F,y,31,86,-54.75,-18.483,1.404833717,2.089905111,1.812913357,3.25163822,2.527629901,2.176091259,2.271841607,2.424881637,2.374748346,2.432969291,2.356025857,3.171141151,2.394451681,1.380211242,1.799340549,2.843232778,1.973127854,2.53529412,2.117271296,2.009884133,-0.089909442,1.113943352
AM,Sapajus_apella,F,y,17,87,-43.35,-2.55,1.434568904,1.929418926,1.908485019,2.736396502,2.514547753,2.348304863,2.017033339,2.424881637,2.445604203,2.445604203,2.424881637,3.229681842,2.552668216,0.77815125,1.959041392,2.986323777,1.361727836,1.361727836,2.986323777,1.945387343,-0.282329485,1.176091259
SV,Sapajus_cay,F,y,27,88,-52.033,-21.25,1.365487985,2.08278537,1.812913357,3.361727836,2.491361694,2.096910013,2.267171728,2.408239965,2.303196057,2.408239965,2.298853076,3.063708559,2.292256071,1.322219295,1.763427994,2.718501689,1.934498451,2.718501689,2.10720997,1.942457005,-0.258848402,0.301029996
SV,Sapajus_cay,F,y,27,89,-52.033,-21.25,1.365487985,2.08278537,1.812913357,3.361727836,2.491361694,2.096910013,2.267171728,2.408239965,2.303196057,2.408239965,2.298853076,3.063708559,2.292256071,1.322219295,1.763427994,2.718501689,1.934498451,2.718501689,2.10720997,1.942457005,-0.258848402,0.301029996
SV,Sapajus_libidinosus,F,y,37,90,-52.35,-14.683,1.397940009,2.133538908,1.84509804,3.116939647,2.525044807,2.152288344,2.285557309,2.409933123,2.36361198,2.418301291,2.361727836,3.175511813,2.439332694,0.602059991,1.908485019,2.871572936,1.176091259,2.593286067,1.612783857,1.932817619,-0.132532519,0.301029996
SV,Sapajus_libidinosus,M,y,39,91,-52.883,-13.1,1.397940009,2.149219113,1.84509804,3.013258665,2.532754379,2.149219113,2.301029996,2.40654018,2.371067862,2.413299764,2.369215857,3.231214648,2.465382851,0.001,1.897627091,2.932980822,1.176091259,2.614897216,1.568201724,1.938968307,-0.158640526,1.342422681
SV,Sapajus_libidinosus,M,y,38,92,-52.75,-13.283,1.392696953,2.146128036,1.84509804,3.032215703,2.527629901,2.1430148,2.29666519,2.401400541,2.36361198,2.408239965,2.361727836,3.212187604,2.44870632,0.001,1.903089987,2.912753304,1.079181246,2.598790507,1.544068044,1.938968307,-0.158640526,1.146128036
SV,Sapajus_libidinosus,M,y,39,93,-52.883,-13.1,1.397940009,2.149219113,1.84509804,3.013258665,2.532754379,2.149219113,2.301029996,2.40654018,2.371067862,2.413299764,2.369215857,3.231214648,2.465382851,0.001,1.897627091,2.932980822,1.176091259,2.614897216,1.568201724,1.938968307,-0.158640526,1.342422681
SV,Sapajus_libidinosus,F,y,39,94,-52.883,-13.1,1.397940009,2.149219113,1.84509804,3.013258665,2.532754379,2.149219113,2.301029996,2.40654018,2.371067862,2.413299764,2.369215857,3.231214648,2.465382851,0.001,1.897627091,2.932980822,1.176091259,2.614897216,1.568201724,1.938968307,-0.158640526,1.342422681
SV,Sapajus_libidinosus,F,y,38,95,-52.75,-13.283,1.392696953,2.146128036,1.84509804,3.032215703,2.527629901,2.1430148,2.29666519,2.401400541,2.36361198,2.408239965,2.361727836,3.212187604,2.44870632,0.001,1.903089987,2.912753304,1.079181246,2.598790507,1.544068044,1.938968307,-0.158640526,1.146128036
SV,Sapajus_libidinosus,M,y,39,96,-52.883,-13.1,1.397940009,2.149219113,1.84509804,3.013258665,2.532754379,2.149219113,2.301029996,2.40654018,2.371067862,2.413299764,2.369215857,3.231214648,2.465382851,0.001,1.897627091,2.932980822,1.176091259,2.614897216,1.568201724,1.938968307,-0.158640526,1.342422681
SV,Sapajus_libidinosus,F,y,39,97,-52.883,-13.1,1.397940009,2.149219113,1.84509804,3.013258665,2.532754379,2.149219113,2.301029996,2.40654018,2.371067862,2.413299764,2.369215857,3.231214648,2.465382851,0.001,1.897627091,2.932980822,1.176091259,2.614897216,1.568201724,1.938968307,-0.158640526,1.342422681
SV,Sapajus_libidinosus,M,y,39,98,-53.383,-12.25,1.397940009,2.170261715,1.819543936,2.966610987,2.550228353,2.127104798,2.344392274,2.403120521,2.376576957,2.411619706,2.372912003,3.340444115,2.5774918,0.77815125,1.892094603,3.031004281,1.462397998,2.733999287,1.662757832,1.987925349,-0.13786863,1.278753601
SV,Sapajus_libidinosus,F,y,39,99,-52.883,-13.1,1.397940009,2.149219113,1.84509804,3.013258665,2.532754379,2.149219113,2.301029996,2.40654018,2.371067862,2.413299764,2.369215857,3.231214648,2.465382851,0.001,1.897627091,2.932980822,1.176091259,2.614897216,1.568201724,1.938968307,-0.158640526,1.342422681
AF,Sapajus_xanthosternos,M,n,81,100,-40.167,-10.45,1.367355921,2.012837225,1.851258349,3.163161375,2.488550717,2.214843848,2.158362492,2.383815366,2.365487985,2.392696953,2.326335861,2.889861721,2.008600172,1.322219295,1.544068044,2.426511261,1.959041392,2.401400541,2.298853076,1.707731951,-0.600326301,0.301029996
AF,Sapajus_xanthosternos,M,n,81,101,-40.167,-10.45,1.367355921,2.012837225,1.851258349,3.163161375,2.488550717,2.214843848,2.158362492,2.383815366,2.365487985,2.392696953,2.326335861,2.889861721,2.008600172,1.322219295,1.544068044,2.426511261,1.959041392,2.401400541,2.298853076,1.707731951,-0.600326301,0.301029996
AF,Sapajus_xanthosternos,Indefinito,n,81,102,-40.167,-10.45,1.367355921,2.012837225,1.851258349,3.163161375,2.488550717,2.214843848,2.158362492,2.383815366,2.365487985,2.392696953,2.326335861,2.889861721,2.008600172,1.322219295,1.544068044,2.426511261,1.959041392,2.401400541,2.298853076,1.707731951,-0.600326301,0.301029996
AF,Sapajus_xanthosternos,M,n,81,103,-40.167,-10.45,1.367355921,2.012837225,1.851258349,3.163161375,2.488550717,2.214843848,2.158362492,2.383815366,2.365487985,2.392696953,2.326335861,2.889861721,2.008600172,1.322219295,1.544068044,2.426511261,1.959041392,2.401400541,2.298853076,1.707731951,-0.600326301,0.301029996
AF,Sapajus_robustus,M,y,74,104,-40.1,-19.2,1.380211242,1.973127854,1.806179974,3.202760687,2.495544338,2.222716471,2.164352856,2.403120521,2.344392274,2.416640507,2.340444115,3.080265627,2.264817823,1.568201724,1.698970004,2.722633923,2.149219113,2.562292864,2.152288344,1.962873446,-0.070070434,1.146128036
AF,Sapajus_robustus,F,y,74,105,-40.1,-19.2,1.380211242,1.973127854,1.806179974,3.202760687,2.495544338,2.222716471,2.164352856,2.403120521,2.344392274,2.416640507,2.340444115,3.080265627,2.264817823,1.568201724,1.698970004,2.722633923,2.149219113,2.562292864,2.152288344,1.962873446,-0.070070434,1.146128036
AF,Sapajus_robustus,M,y,74,106,-40.1,-19.2,1.380211242,1.973127854,1.806179974,3.202760687,2.495544338,2.222716471,2.164352856,2.403120521,2.344392274,2.416640507,2.340444115,3.080265627,2.264817823,1.568201724,1.698970004,2.722633923,2.149219113,2.562292864,2.152288344,1.962873446,-0.070070434,1.146128036
AF,Sapajus_robustus,F,y,74,107,-40.1,-19.2,1.380211242,1.973127854,1.806179974,3.202760687,2.495544338,2.222716471,2.164352856,2.403120521,2.344392274,2.416640507,2.340444115,3.080265627,2.264817823,1.568201724,1.698970004,2.722633923,2.149219113,2.562292864,2.152288344,1.962873446,-0.070070434,1.146128036
AF,Sapajus_robustus,M,y,74,108,-40.1,-19.2,1.380211242,1.973127854,1.806179974,3.202760687,2.495544338,2.222716471,2.164352856,2.403120521,2.344392274,2.416640507,2.340444115,3.080265627,2.264817823,1.568201724,1.698970004,2.722633923,2.149219113,2.562292864,2.152288344,1.962873446,-0.070070434,1.146128036
AF,Sapajus_robustus,F,y,72,109,-40.667,-19.45,1.383815366,2.029383778,1.819543936,3.204662512,2.506505032,2.204119983,2.206825876,2.40654018,2.344392274,2.419955748,2.344392274,3.070037867,2.303196057,1.414973348,1.799340549,2.758154622,1.986771734,2.59439255,1.986771734,1.943265438,-0.070070434,1.176091259
AF,Sapajus_robustus,F,y,74,110,-40.1,-19.2,1.380211242,1.973127854,1.806179974,3.202760687,2.495544338,2.222716471,2.164352856,2.403120521,2.344392274,2.416640507,2.340444115,3.080265627,2.264817823,1.568201724,1.698970004,2.722633923,2.149219113,2.562292864,2.152288344,1.962873446,-0.070070434,1.146128036
AF,Sapajus_robustus,F,y,74,111,-40.1,-19.2,1.380211242,1.973127854,1.806179974,3.202760687,2.495544338,2.222716471,2.164352856,2.403120521,2.344392274,2.416640507,2.340444115,3.080265627,2.264817823,1.568201724,1.698970004,2.722633923,2.149219113,2.562292864,2.152288344,1.962873446,-0.070070434,1.146128036
AF,Sapajus_robustus,M,y,74,112,-40.1,-19.2,1.380211242,1.973127854,1.806179974,3.202760687,2.495544338,2.222716471,2.164352856,2.403120521,2.344392274,2.416640507,2.340444115,3.080265627,2.264817823,1.568201724,1.698970004,2.722633923,2.149219113,2.562292864,2.152288344,1.962873446,-0.070070434,1.146128036
AM,Sapajus_apella,F,y,3,113,-63.467,-8.75,1.414973348,2.012837225,1.857332496,2.762678564,2.51851394,2.271841607,2.155336037,2.411619706,2.408239965,2.426511261,2.401400541,3.359835482,2.558708571,1.361727836,1.799340549,3.004321374,1.991226076,2.699837726,2.274157849,2.038624145,-0.069050976,1.491361694
AF,Sapajus_robustus,M,y,73,114,-41.15,-19.317,1.382017043,2.068185862,1.819543936,3.228400359,2.5132176,2.173186268,2.247973266,2.408239965,2.344392274,2.416640507,2.338456494,3.068185862,2.318063335,1.322219295,1.851258349,2.781036939,1.838849091,2.62838893,1.924279286,1.899915104,-0.046240314,1.301029996
AF,Sapajus_robustus,M,y,73,115,-41.15,-19.317,1.382017043,2.068185862,1.819543936,3.228400359,2.5132176,2.173186268,2.247973266,2.408239965,2.344392274,2.416640507,2.338456494,3.068185862,2.318063335,1.322219295,1.851258349,2.781036939,1.838849091,2.62838893,1.924279286,1.899915104,-0.046240314,1.301029996
AF,Sapajus_robustus,F,y,71,116,-43,-19.75,1.322219295,2.068185862,1.792391689,3.319730494,2.46834733,2.033423755,2.269512944,2.357934847,2.255272505,2.369215857,2.255272505,3.122870923,2.423245874,1.041392685,1.913813852,2.865103975,1.579783597,2.726727209,1.579783597,1.897126521,-0.017728776,1.322219295
AF,Sapajus_robustus,F,y,77,117,-40.7,-17.067,1.382017043,2.033423755,1.826074803,3.22685757,2.499687083,2.195899652,2.201397124,2.394451681,2.33243846,2.413299764,2.33243846,3.009450896,2.247973266,1.491361694,1.716003344,2.651278014,2.064457989,2.462397998,2.064457989,1.864673036,-0.221848732,1.176091259
AF,Sapajus_robustus,M,y,73,118,-41.15,-19.317,1.382017043,2.068185862,1.819543936,3.228400359,2.5132176,2.173186268,2.247973266,2.408239965,2.344392274,2.416640507,2.338456494,3.068185862,2.318063335,1.322219295,1.851258349,2.781036939,1.838849091,2.62838893,1.924279286,1.899915104,-0.046240314,1.301029996
AF,Sapajus_robustus,M,y,73,119,-41.15,-19.317,1.382017043,2.068185862,1.819543936,3.228400359,2.5132176,2.173186268,2.247973266,2.408239965,2.344392274,2.416640507,2.338456494,3.068185862,2.318063335,1.322219295,1.851258349,2.781036939,1.838849091,2.62838893,1.924279286,1.899915104,-0.046240314,1.301029996
AF,Sapajus_robustus,F,y,73,120,-41.15,-19.317,1.382017043,2.068185862,1.819543936,3.228400359,2.5132176,2.173186268,2.247973266,2.408239965,2.344392274,2.416640507,2.338456494,3.068185862,2.318063335,1.322219295,1.851258349,2.781036939,1.838849091,2.62838893,1.924279286,1.899915104,-0.046240314,1.301029996
AF,Sapajus_robustus,F,y,73,121,-41.15,-19.317,1.382017043,2.068185862,1.819543936,3.228400359,2.5132176,2.173186268,2.247973266,2.408239965,2.344392274,2.416640507,2.338456494,3.068185862,2.318063335,1.322219295,1.851258349,2.781036939,1.838849091,2.62838893,1.924279286,1.899915104,-0.046240314,1.301029996
AF,Sapajus_robustus,F,y,76,122,-40.483,-17.783,1.383815366,2.008600172,1.832508913,3.184407485,2.498310554,2.220108088,2.173186268,2.404833717,2.342422681,2.414973348,2.342422681,2.999565488,2.225309282,1.51851394,1.698970004,2.627365857,2.08278537,2.472756449,2.08278537,1.909094748,-0.221848732,1.176091259
AF,Sapajus_robustus,M,y,75,123,-41.5,-17.85,1.36361198,2.071882007,1.819543936,3.205204364,2.503790683,2.152288344,2.247973266,2.390935107,2.322219295,2.396199347,2.320146286,3.034628457,2.298853076,1.322219295,1.84509804,2.741939078,1.851258349,2.575187845,1.903089987,1.881717254,-0.14935377,1.176091259
AF,Sapajus_robustus,M,y,75,124,-41.5,-17.85,1.36361198,2.071882007,1.819543936,3.205204364,2.503790683,2.152288344,2.247973266,2.390935107,2.322219295,2.396199347,2.320146286,3.034628457,2.298853076,1.322219295,1.84509804,2.741939078,1.851258349,2.575187845,1.903089987,1.881717254,-0.14935377,1.176091259
AF,Sapajus_robustus,F,y,75,125,-41.5,-17.85,1.36361198,2.071882007,1.819543936,3.205204364,2.503790683,2.152288344,2.247973266,2.390935107,2.322219295,2.396199347,2.320146286,3.034628457,2.298853076,1.322219295,1.84509804,2.741939078,1.851258349,2.575187845,1.903089987,1.881717254,-0.14935377,1.176091259
AF,Sapajus_nigritus,F,y,70,126,-40.617,-19.533,1.390935107,2.017033339,1.819543936,3.216165902,2.509202522,2.220108088,2.195899652,2.413299764,2.350248018,2.426511261,2.350248018,3.064457989,2.29666519,1.447158031,1.785329835,2.747411808,2.017033339,2.5774918,2.017033339,1.923873244,-0.070070434,1.146128036
AF,Sapajus_nigritus,M,y,70,127,-40.617,-19.533,1.390935107,2.017033339,1.819543936,3.216165902,2.509202522,2.220108088,2.195899652,2.413299764,2.350248018,2.426511261,2.350248018,3.064457989,2.29666519,1.447158031,1.785329835,2.747411808,2.017033339,2.5774918,2.017033339,1.923873244,-0.070070434,1.146128036
AF,Sapajus_nigritus,M,y,69,128,-40.45,-19.633,1.385606274,1.991226076,1.806179974,3.223755454,2.503790683,2.222716471,2.181843588,2.409933123,2.344392274,2.423245874,2.344392274,3.067814511,2.292256071,1.505149978,1.755874856,2.737192643,2.086359831,2.559906625,2.086359831,1.962853091,-0.070070434,0.301029996
AF,Sapajus_nigritus,M,y,69,129,-40.45,-19.633,1.385606274,1.991226076,1.806179974,3.223755454,2.503790683,2.222716471,2.181843588,2.409933123,2.344392274,2.423245874,2.344392274,3.067814511,2.292256071,1.505149978,1.755874856,2.737192643,2.086359831,2.559906625,2.086359831,1.962853091,-0.070070434,0.301029996
AF,Sapajus_nigritus,M,y,70,130,-40.617,-19.533,1.390935107,2.017033339,1.819543936,3.216165902,2.509202522,2.220108088,2.195899652,2.413299764,2.350248018,2.426511261,2.350248018,3.064457989,2.29666519,1.447158031,1.785329835,2.747411808,2.017033339,2.5774918,2.017033339,1.923873244,-0.070070434,1.146128036
AF,Sapajus_nigritus,M,y,67,131,-40.517,-20.1,1.383815366,1.959041392,1.792391689,3.22762965,2.499687083,2.23299611,2.161368002,2.409933123,2.344392274,2.421603927,2.344392274,3.06069784,2.285557309,1.602059991,1.707570176,2.710963119,2.146128036,2.51851394,2.146128036,1.879303502,-0.070581062,1.230448921
AF,Sapajus_nigritus,M,y,68,132,-42.467,-19.983,1.367355921,2.08278537,1.806179974,3.308564414,2.505149978,2.117271296,2.276461804,2.397940009,2.311753861,2.408239965,2.311753861,3.047664195,2.315970345,1.079181246,1.892094603,2.78604121,1.62324929,2.645422269,1.755874856,1.864365692,-0.017728776,1.204119983
AF,Sapajus_nigritus,M,y,60,133,-44.583,-22.45,1.276461804,2.08278537,1.792391689,3.355834496,2.434568904,1.892094603,2.28780173,2.330413773,2.195899652,2.33243846,2.195899652,3.198106999,2.447158031,1.361727836,1.857332496,2.898176483,1.908485019,2.866287339,1.908485019,1.774614046,0.055760451,1.462397998
AF,Sapajus_nigritus,F,y,59,134,-44.583,-22.45,1.276461804,2.08278537,1.792391689,3.355834496,2.434568904,1.892094603,2.28780173,2.330413773,2.195899652,2.33243846,2.195899652,3.198106999,2.447158031,1.361727836,1.857332496,2.898176483,1.908485019,2.866287339,1.908485019,1.774614046,0.055760451,1.462397998
AF,Sapajus_nigritus,M,y,63,135,-49.733,-21.667,1.33243846,2.103803721,1.806179974,3.388456453,2.477121255,2.017033339,2.292256071,2.383815366,2.260071388,2.383815366,2.255272505,3.10002573,2.320146286,1.397940009,1.785329835,2.770115295,2.029383778,2.770115295,2.149219113,1.947568511,-0.076755981,0.301029996
AF,Sapajus_nigritus,M,y,61,136,-52.617,-22.283,1.361727836,2.096910013,1.806179974,3.386142109,2.499687083,2.089905111,2.285557309,2.408239965,2.322219295,2.408239965,2.290034611,3.077004327,2.201397124,1.491361694,1.633468456,2.658964843,2.146128036,2.658964843,2.252853031,1.937338327,-0.164943889,1.079181246
AF,Sapajus_nigritus,F,y,61,137,-52.617,-22.283,1.361727836,2.096910013,1.806179974,3.386142109,2.499687083,2.089905111,2.285557309,2.408239965,2.322219295,2.408239965,2.290034611,3.077004327,2.201397124,1.491361694,1.633468456,2.658964843,2.146128036,2.658964843,2.252853031,1.937338327,-0.164943889,1.079181246
AF,Sapajus_nigritus,M,y,62,138,-48.767,-22.183,1.326335861,2.093421685,1.806179974,3.375114685,2.472756449,2.021189299,2.283301229,2.376576957,2.255272505,2.376576957,2.252853031,3.076640444,2.338456494,1.342422681,1.826074803,2.773786445,1.959041392,2.773786445,2.045322979,1.927566922,-0.114073664,1.079181246
AF,Sapajus_nigritus,M,y,53,139,-45.883,-23.733,1.356025857,1.880813592,1.716003344,3.357934847,2.46686762,2.173186268,2.158362492,2.408239965,2.294466226,2.408239965,2.294466226,3.413634997,2.523746467,1.982271233,1.579783597,2.980003372,2.50242712,2.980003372,2.50242712,1.971196964,0.039414131,1.301029996
AF,Sapajus_nigritus,F,y,65,140,-47.417,-20.533,1.294466226,1.949390007,1.806179974,3.112269768,2.414973348,2.086359831,2.139879086,2.311753861,2.264817823,2.315970345,2.245512668,3.193958978,2.450249108,1.204119983,1.86923172,2.892094603,1.73239376,2.620136055,1.929418926,1.884725703,-0.095825639,0.301029996
AF,Sapajus_nigritus,M,y,51,141,-46.517,-23.783,1.235528447,1.963787827,1.755874856,3.356217134,2.392696953,1.939519253,2.204119983,2.298853076,2.155336037,2.303196057,2.155336037,3.348888723,2.465382851,1.892094603,1.633468456,2.930439595,2.396199347,2.925312091,2.396199347,1.855935678,0.031004282,1.397940009
AF,Sapajus_nigritus,F,y,64,142,-49.933,-21.45,1.342422681,2.103803721,1.812913357,3.379305518,2.481442629,2.033423755,2.290034611,2.389166084,2.271841607,2.389166084,2.267171728,3.084933575,2.336459734,1.278753601,1.812913357,2.769377326,1.944482672,2.769377326,2.068185862,1.950593634,-0.076755981,0.301029996
AF,Sapajus_nigritus,F,y,65,143,-47.417,-20.533,1.294466226,1.949390007,1.806179974,3.112269768,2.414973348,2.086359831,2.139879086,2.311753861,2.264817823,2.315970345,2.245512668,3.193958978,2.450249108,1.204119983,1.86923172,2.892094603,1.73239376,2.620136055,1.929418926,1.884725703,-0.095825639,0.301029996
AF,Sapajus_nigritus,M,y,65,144,-47.417,-20.533,1.294466226,1.949390007,1.806179974,3.112269768,2.414973348,2.086359831,2.139879086,2.311753861,2.264817823,2.315970345,2.245512668,3.193958978,2.450249108,1.204119983,1.86923172,2.892094603,1.73239376,2.620136055,1.929418926,1.884725703,-0.095825639,0.301029996
AF,Sapajus_nigritus,F,y,54,145,-46.633,-23.533,1.271841607,1.995635195,1.785329835,3.328175661,2.423245874,2.012837225,2.209515015,2.328379603,2.204119983,2.330413773,2.204119983,3.134177108,2.350248018,1.544068044,1.755874856,2.794488047,2.11058971,2.768638101,2.11058971,1.855935678,0.031004282,0.301029996
AF,Sapajus_nigritus,M,y,64,146,-49.933,-21.45,1.342422681,2.103803721,1.812913357,3.379305518,2.481442629,2.033423755,2.290034611,2.389166084,2.271841607,2.389166084,2.267171728,3.084933575,2.336459734,1.278753601,1.812913357,2.769377326,1.944482672,2.769377326,2.068185862,1.950593634,-0.076755981,0.301029996
AF,Sapajus_nigritus,F,y,66,147,-47.783,-20.333,1.350248018,2.06069784,1.826074803,3.224274014,2.46686762,2.089905111,2.230448921,2.374748346,2.301029996,2.376576957,2.29666519,3.172894698,2.477121255,0.954242509,1.903089987,2.893206753,1.643452676,2.861534411,1.851258349,1.92954509,-0.095825639,0.301029996
AF,Sapajus_nigritus,M,y,64,148,-49.933,-21.45,1.342422681,2.103803721,1.812913357,3.379305518,2.481442629,2.033423755,2.290034611,2.389166084,2.271841607,2.389166084,2.267171728,3.084933575,2.336459734,1.278753601,1.812913357,2.769377326,1.944482672,2.769377326,2.068185862,1.950593634,-0.076755981,0.301029996
AF,Sapajus_nigritus,F,y,61,149,-52.617,-22.283,1.361727836,2.096910013,1.806179974,3.386142109,2.499687083,2.089905111,2.285557309,2.408239965,2.322219295,2.408239965,2.290034611,3.077004327,2.201397124,1.491361694,1.633468456,2.658964843,2.146128036,2.658964843,2.252853031,1.937338327,-0.164943889,1.079181246
AF,Sapajus_nigritus,F,y,63,150,-49.733,-21.667,1.33243846,2.103803721,1.806179974,3.388456453,2.477121255,2.017033339,2.292256071,2.383815366,2.260071388,2.383815366,2.255272505,3.10002573,2.320146286,1.397940009,1.785329835,2.770115295,2.029383778,2.770115295,2.149219113,1.947568511,-0.076755981,0.301029996
AF,Sapajus_nigritus,F,y,65,151,-47.417,-20.533,1.294466226,1.949390007,1.806179974,3.112269768,2.414973348,2.086359831,2.139879086,2.311753861,2.264817823,2.315970345,2.245512668,3.193958978,2.450249108,1.204119983,1.86923172,2.892094603,1.73239376,2.620136055,1.929418926,1.884725703,-0.095825639,0.301029996
AF,Sapajus_nigritus,M,y,55,152,-46.4,-23.533,1.250420002,1.982271233,1.763427994,3.353531559,2.404833717,1.959041392,2.212187604,2.311753861,2.170261715,2.31386722,2.170261715,3.154423973,2.367355921,1.544068044,1.770852012,2.810904281,2.096910013,2.802773725,2.096910013,1.814432721,0.031004282,0.301029996
AF,Sapajus_nigritus,M,y,64,153,-49.933,-21.45,1.342422681,2.103803721,1.812913357,3.379305518,2.481442629,2.033423755,2.290034611,2.389166084,2.271841607,2.389166084,2.267171728,3.084933575,2.336459734,1.278753601,1.812913357,2.769377326,1.944482672,2.769377326,2.068185862,1.950593634,-0.076755981,0.301029996
AF,Sapajus_nigritus,F,y,66,154,-47.783,-20.333,1.350248018,2.06069784,1.826074803,3.224274014,2.46686762,2.089905111,2.230448921,2.374748346,2.301029996,2.376576957,2.29666519,3.172894698,2.477121255,0.954242509,1.903089987,2.893206753,1.643452676,2.861534411,1.851258349,1.92954509,-0.095825639,0.301029996
AF,Sapajus_nigritus,M,y,66,155,-47.783,-20.333,1.350248018,2.06069784,1.826074803,3.224274014,2.46686762,2.089905111,2.230448921,2.374748346,2.301029996,2.376576957,2.29666519,3.172894698,2.477121255,0.954242509,1.903089987,2.893206753,1.643452676,2.861534411,1.851258349,1.92954509,-0.095825639,0.301029996
AF,Sapajus_nigritus,M,y,56,156,-46.683,-23.45,1.243038049,2.008600172,1.785329835,3.341434525,2.403120521,1.934498451,2.222716471,2.303196057,2.164352856,2.305351369,2.164352856,3.149834697,2.374748346,1.544068044,1.77815125,2.819543936,2.089905111,2.786751422,2.089905111,1.842490674,0.031004282,0.301029996
AF,Sapajus_nigritus,F,y,53,157,-45.883,-23.733,1.356025857,1.880813592,1.716003344,3.357934847,2.46686762,2.173186268,2.158362492,2.408239965,2.294466226,2.408239965,2.294466226,3.413634997,2.523746467,1.982271233,1.579783597,2.980003372,2.50242712,2.980003372,2.50242712,1.971196964,0.039414131,1.301029996
AF,Sapajus_nigritus,M,y,50,158,-46.783,-24.183,1.359835482,1.892094603,1.707570176,3.384174139,2.478566496,2.176091259,2.178976947,2.414973348,2.29666519,2.414973348,2.29666519,3.330413773,2.463892989,1.919078092,1.612783857,2.929418926,2.42975228,2.929418926,2.42975228,1.89610439,0.0517312,0.301029996
AF,Sapajus_nigritus,F,y,50,159,-46.783,-24.183,1.359835482,1.892094603,1.707570176,3.384174139,2.478566496,2.176091259,2.178976947,2.414973348,2.29666519,2.414973348,2.29666519,3.330413773,2.463892989,1.919078092,1.612783857,2.929418926,2.42975228,2.929418926,2.42975228,1.89610439,0.0517312,0.301029996
AM,Sapajus_apella,M,y,3,160,-63.467,-8.75,1.414973348,2.012837225,1.857332496,2.762678564,2.51851394,2.271841607,2.155336037,2.411619706,2.408239965,2.426511261,2.401400541,3.359835482,2.558708571,1.361727836,1.799340549,3.004321374,1.991226076,2.699837726,2.274157849,2.038624145,-0.069050976,1.491361694
AF,Sapajus_nigritus,F,y,64,161,-49.933,-21.45,1.342422681,2.103803721,1.812913357,3.379305518,2.481442629,2.033423755,2.290034611,2.389166084,2.271841607,2.389166084,2.267171728,3.084933575,2.336459734,1.278753601,1.812913357,2.769377326,1.944482672,2.769377326,2.068185862,1.950593634,-0.076755981,0.301029996
AF,Sapajus_nigritus,F,y,63,162,-49.733,-21.667,1.33243846,2.103803721,1.806179974,3.388456453,2.477121255,2.017033339,2.292256071,2.383815366,2.260071388,2.383815366,2.255272505,3.10002573,2.320146286,1.397940009,1.785329835,2.770115295,2.029383778,2.770115295,2.149219113,1.947568511,-0.076755981,0.301029996
AF,Sapajus_nigritus,M,y,61,163,-52.617,-22.283,1.361727836,2.096910013,1.806179974,3.386142109,2.499687083,2.089905111,2.285557309,2.408239965,2.322219295,2.408239965,2.290034611,3.077004327,2.201397124,1.491361694,1.633468456,2.658964843,2.146128036,2.658964843,2.252853031,1.937338327,-0.164943889,1.079181246
AF,Sapajus_nigritus,M,y,63,164,-49.733,-21.667,1.33243846,2.103803721,1.806179974,3.388456453,2.477121255,2.017033339,2.292256071,2.383815366,2.260071388,2.383815366,2.255272505,3.10002573,2.320146286,1.397940009,1.785329835,2.770115295,2.029383778,2.770115295,2.149219113,1.947568511,-0.076755981,0.301029996
AM,Sapajus_apella,M,y,3,165,-63.467,-8.75,1.414973348,2.012837225,1.857332496,2.762678564,2.51851394,2.271841607,2.155336037,2.411619706,2.408239965,2.426511261,2.401400541,3.359835482,2.558708571,1.361727836,1.799340549,3.004321374,1.991226076,2.699837726,2.274157849,2.038624145,-0.069050976,1.491361694
AM,Sapajus_apella,M,y,3,166,-63.467,-8.75,1.414973348,2.012837225,1.857332496,2.762678564,2.51851394,2.271841607,2.155336037,2.411619706,2.408239965,2.426511261,2.401400541,3.359835482,2.558708571,1.361727836,1.799340549,3.004321374,1.991226076,2.699837726,2.274157849,2.038624145,-0.069050976,1.491361694
AF,Sapajus_nigritus,F,y,57,167,-53.167,-22.717,1.356025857,2.11058971,1.812913357,3.388278863,2.501059262,2.075546961,2.29666519,2.387389826,2.315970345,2.403120521,2.283301229,3.102090526,2.240549248,1.505149978,1.602059991,2.663700925,2.193124598,2.646403726,2.326335861,1.963978954,-0.08937559,1.113943352
AF,Sapajus_nigritus,F,y,58,168,-53.167,-22.717,1.356025857,2.11058971,1.812913357,3.388278863,2.501059262,2.075546961,2.29666519,2.387389826,2.315970345,2.403120521,2.283301229,3.102090526,2.240549248,1.505149978,1.602059991,2.663700925,2.193124598,2.646403726,2.326335861,1.963978954,-0.08937559,1.113943352
AF,Sapajus_nigritus,F,y,48,169,-52.4,-25.4,1.243038049,2.089905111,1.77815125,3.482015576,2.436162647,1.832508913,2.311753861,2.322219295,2.250420002,2.322219295,2.127104798,3.254064453,2.290034611,2.017033339,1.322219295,2.711807229,2.582063363,2.711807229,2.618048097,1.809224289,-0.109578976,0.301029996
AF,Sapajus_nigritus,M,y,47,170,-48.65,-25.833,1.315970345,1.875061263,1.672097858,3.448860846,2.459392488,2.113943352,2.198657087,2.385606274,2.23299611,2.385606274,2.23299611,3.296006669,2.45331834,1.924279286,1.612783857,2.911690159,2.42975228,2.911690159,2.42975228,1.920268407,0.035429753,0.301029996
AF,Sapajus_nigritus,F,y,46,171,-51.983,-26.483,1.201397124,2.100370545,1.763427994,3.491641793,2.419955748,1.672097858,2.334453751,2.158362492,2.257678575,2.29666519,2.079181246,3.287577809,2.326335861,2.017033339,1.301029996,2.749736316,2.646403726,2.677606953,2.660865478,1.813410847,0.059184628,0.301029996
AF,Sapajus_nigritus,F,y,49,172,-49.95,-24.667,1.225309282,2.068185862,1.763427994,3.418301291,2.418301291,1.792391689,2.301029996,2.298853076,2.1430148,2.303196057,2.123851641,3.184975191,2.292256071,1.886490725,1.414973348,2.711807229,2.437750563,2.697229343,2.488550717,1.807422017,0.037027875,1.204119983
AF,Sapajus_nigritus,M,y,52,173,-53.317,-23.75,1.318063335,2.113943352,1.792391689,3.446692466,2.485721426,1.995635195,2.315970345,2.380211242,2.260071388,2.380211242,2.227886705,3.176958981,2.222716471,1.819543936,1.380211242,2.665580991,2.437750563,2.665580991,2.515873844,1.887612819,-0.170696219,0.301029996
AF,Sapajus_nigritus,M,y,51,174,-51.967,-23.933,1.322219295,2.089905111,1.785329835,3.461348434,2.481442629,2.008600172,2.303196057,2.385606274,2.26245109,2.385606274,2.230448921,3.173477643,2.307496038,1.819543936,1.568201724,2.726727209,2.397940009,2.726727209,2.469822016,1.91755381,0.043755106,1.230448921
AF,Sapajus_nigritus,M,y,51,175,-51.967,-23.933,1.322219295,2.089905111,1.785329835,3.461348434,2.481442629,2.008600172,2.303196057,2.385606274,2.26245109,2.385606274,2.230448921,3.173477643,2.307496038,1.819543936,1.568201724,2.726727209,2.397940009,2.726727209,2.469822016,1.91755381,0.043755106,1.230448921
AM,Sapajus_apella,M,y,3,176,-63.467,-8.75,1.414973348,2.012837225,1.857332496,2.762678564,2.51851394,2.271841607,2.155336037,2.411619706,2.408239965,2.426511261,2.401400541,3.359835482,2.558708571,1.361727836,1.799340549,3.004321374,1.991226076,2.699837726,2.274157849,2.038624145,-0.069050976,1.491361694
AM,Sapajus_apella,M,y,3,177,-63.467,-8.75,1.414973348,2.012837225,1.857332496,2.762678564,2.51851394,2.271841607,2.155336037,2.411619706,2.408239965,2.426511261,2.401400541,3.359835482,2.558708571,1.361727836,1.799340549,3.004321374,1.991226076,2.699837726,2.274157849,2.038624145,-0.069050976,1.491361694
AM,Sapajus_apella,F,y,3,178,-63.467,-8.75,1.414973348,2.012837225,1.857332496,2.762678564,2.51851394,2.271841607,2.155336037,2.411619706,2.408239965,2.426511261,2.401400541,3.359835482,2.558708571,1.361727836,1.799340549,3.004321374,1.991226076,2.699837726,2.274157849,2.038624145,-0.069050976,1.491361694
SV,Sapajus_cay,M,y,24,179,-53.267,-22.283,1.359835482,2.093421685,1.819543936,3.335457901,2.498310554,2.11058971,2.269512944,2.389166084,2.307496038,2.399673721,2.294466226,3.126131407,2.264817823,1.431363764,1.633468456,2.692846919,2.190331698,2.671172843,2.278753601,1.943401497,-0.08937559,1.079181246
AM,Sapajus_apella,M,y,2,180,-61.933,-10.867,1.389166084,2.113943352,1.838849091,2.725911632,2.5289167,2.181843588,2.269512944,2.389166084,2.383815366,2.399673721,2.376576957,3.284881715,2.5132176,0.77815125,1.851258349,2.951823035,1.672097858,2.40654018,1.973127854,1.983766969,-0.068033876,0.301029996
AM,Sapajus_apella,F,y,3,181,-63.467,-8.75,1.414973348,2.012837225,1.857332496,2.762678564,2.51851394,2.271841607,2.155336037,2.411619706,2.408239965,2.426511261,2.401400541,3.359835482,2.558708571,1.361727836,1.799340549,3.004321374,1.991226076,2.699837726,2.274157849,2.038624145,-0.069050976,1.491361694
AM,Sapajus_apella,M,y,3,182,-63.467,-8.75,1.414973348,2.012837225,1.857332496,2.762678564,2.51851394,2.271841607,2.155336037,2.411619706,2.408239965,2.426511261,2.401400541,3.359835482,2.558708571,1.361727836,1.799340549,3.004321374,1.991226076,2.699837726,2.274157849,2.038624145,-0.069050976,1.491361694
AM,Sapajus_apella,M,y,23,183,-51.283,-0.1,1.431363764,1.903089987,1.897627091,2.774516966,2.515873844,2.356025857,2.004321374,2.421603927,2.442479769,2.444044796,2.418301291,3.383635868,2.565847819,1.505149978,1.770852012,3.012837225,2.158362492,2.23299611,2.987666265,2.073760486,-0.096910006,1.255272505
AM,Sapajus_apella,F,y,23,184,-51.283,-0.1,1.431363764,1.903089987,1.897627091,2.774516966,2.515873844,2.356025857,2.004321374,2.421603927,2.442479769,2.444044796,2.418301291,3.383635868,2.565847819,1.505149978,1.770852012,3.012837225,2.158362492,2.23299611,2.987666265,2.073760486,-0.096910006,1.255272505
AM,Sapajus_apella,F,y,23,185,-51.283,-0.1,1.431363764,1.903089987,1.897627091,2.774516966,2.515873844,2.356025857,2.004321374,2.421603927,2.442479769,2.444044796,2.418301291,3.383635868,2.565847819,1.505149978,1.770852012,3.012837225,2.158362492,2.23299611,2.987666265,2.073760486,-0.096910006,1.255272505
AM,Sapajus_apella,M,y,22,186,-51.583,-0.933,1.431363764,1.954242509,1.919078092,2.700703717,2.51851394,2.346352974,2.033423755,2.424881637,2.440909082,2.440909082,2.419955748,3.400710637,2.532754379,1.77815125,1.653212514,2.98721923,2.416640507,2.456366033,2.936513742,2.073355374,-0.096910006,1.322219295
AM,Sapajus_apella,M,y,11,187,-51.217,-3.217,1.423245874,1.963787827,1.897627091,2.667452953,2.51054501,2.318063335,2.064457989,2.418301291,2.42975228,2.432969291,2.414973348,3.355259906,2.59439255,1.51851394,1.84509804,3.005609445,2.079181246,2.217483944,2.973127854,2.034693417,-0.066006823,1.579783597
AM,Sapajus_apella,F,y,23,188,-51.283,-0.1,1.431363764,1.903089987,1.897627091,2.774516966,2.515873844,2.356025857,2.004321374,2.421603927,2.442479769,2.444044796,2.418301291,3.383635868,2.565847819,1.505149978,1.770852012,3.012837225,2.158362492,2.23299611,2.987666265,2.073760486,-0.096910006,1.255272505
AM,Sapajus_apella,F,y,19,189,-49.917,-1.25,1.42975228,1.973127854,1.939519253,2.561101384,2.514547753,2.340444115,2.033423755,2.424881637,2.436162647,2.436162647,2.421603927,3.43806745,2.604226053,1.806179974,1.73239376,3.07114529,2.359835482,2.482873584,3.054613055,2.066535373,-0.040958595,1.477121255
AM,Sapajus_apella,M,y,23,190,-51.283,-0.1,1.431363764,1.903089987,1.897627091,2.774516966,2.515873844,2.356025857,2.004321374,2.421603927,2.442479769,2.444044796,2.418301291,3.383635868,2.565847819,1.505149978,1.770852012,3.012837225,2.158362492,2.23299611,2.987666265,2.073760486,-0.096910006,1.255272505
AM,Sapajus_apella,M,y,21,191,-50.683,-1.033,1.42975228,1.963787827,1.929418926,2.64246452,2.515873844,2.342422681,2.033423755,2.423245874,2.437750563,2.437750563,2.419955748,3.435366507,2.564666064,1.982271233,1.602059991,3.009450896,2.540329475,2.58546073,3.004321374,2.085545654,-0.060980215,1.431363764
AM,Sapajus_apella,M,y,23,192,-51.283,-0.1,1.431363764,1.903089987,1.897627091,2.774516966,2.515873844,2.356025857,2.004321374,2.421603927,2.442479769,2.444044796,2.418301291,3.383635868,2.565847819,1.505149978,1.770852012,3.012837225,2.158362492,2.23299611,2.987666265,2.073760486,-0.096910006,1.255272505
AM,Sapajus_apella,F,y,18,193,-52.017,-1.433,1.432969291,1.963787827,1.919078092,2.709269961,2.521138084,2.346352974,2.041392685,2.426511261,2.442479769,2.442479769,2.421603927,3.37821615,2.550228353,1.72427587,1.716003344,3.006037955,2.342422681,2.390935107,2.906873535,2.047528751,-0.106238242,0.301029996
AM,Sapajus_apella,M,y,9,194,-49.483,-4.65,1.431363764,2.004321374,1.934498451,2.474216264,2.519827994,2.330413773,2.068185862,2.428134794,2.437750563,2.437750563,2.424881637,3.33825723,2.611723308,1.342422681,1.897627091,3.056142262,1.934498451,2.155336037,3.048053173,1.959673283,-0.052076368,0.301029996
AM,Sapajus_apella,F,y,5,195,-49.217,-5.233,1.431363764,1.991226076,1.908485019,2.521138084,2.522444234,2.328379603,2.079181246,2.424881637,2.436162647,2.437750563,2.424881637,3.280805928,2.555094449,1.204119983,1.892094603,2.992111488,1.826074803,1.913813852,2.992111488,1.961619455,-0.136677129,0.301029996
AM,Sapajus_apella,M,y,9,196,-49.483,-4.65,1.431363764,2.004321374,1.934498451,2.474216264,2.519827994,2.330413773,2.068185862,2.428134794,2.437750563,2.437750563,2.424881637,3.33825723,2.611723308,1.342422681,1.897627091,3.056142262,1.934498451,2.155336037,3.048053173,1.959673283,-0.052076368,0.301029996
