PCA;ID;Photo;Locality;Species;Biome;Sex;Lat;Long;Ives;Env;PCH
1;0;1005- MN 23233 Sapajus xanthosternos (F);BA - Belmonte;Sapajus_xanthosternos;Forest;F;-15.82;-39.1;Sapajus_xanthosternos;AF;8
2;1;1006- MN 23240 Sapajus libidinosus (F);BA - Faz. Sucurui, itajuípe;Sapajus_libidinosus;Savanna;F;-14.67;-39.43;Sapajus_libidinosus;SV;25
3;2;356 - MG 21764 Cebus apella;RO - UHE de Samuel, rio Jamari, afl. dir. rio Madeira;Sapajus_apella;Forest;F;-8.75;-63.46;Sapajus_apella;AM;15
4;3;357 - MG 21765 Cebus apella;RO - UHE de Samuel, rio Jamari, afl. dir. rio Madeira;Sapajus_apella;Forest;F;-8.75;-63.46;Sapajus_apella_2;AM;15
5;4;358 - MG 21766 Cebus apella;RO - UHE de Samuel, rio Jamari, afl. dir. rio Madeira;Sapajus_apella;Forest;M;-8.75;-63.46;Sapajus_apella_3;AM;15
6;5;359 - MG 26521 Cebus apella;PA - Oriximiná, Rio Saracazinho;Sapajus_apella;Forest;F;-1.48;-56.37;Sapajus_apella_4;AM;15
7;6;360 - MG 21494 Cebus apella;PA - Oriximiná, Cachoeira Porteira;Sapajus_apella;Forest;M;-1.09;-57.04;Sapajus_apella_5;AM;15
8;7;361 - MG 21497 Cebus apella;PA - Oriximiná, Cachoeira Porteira;Sapajus_apella;Forest;M;-1.09;-57.04;Sapajus_apella_6;AM;15
9;8;812 - MUZUSP 6317 Sapajus cay (M);MT - Rio Aricá, Fazenda Arigá;Sapajus_cay;Savanna;M;-14.18;-56.62;Sapajus_cay;SV;17
10;9;813 - MUZUSP 6319 Sapajus cay (M);MT - Rio Aricá Fazenda Arigá;Sapajus_cay;Savanna;M;-14.18;-56.62;Sapajus_cay_2;SV;17
11;10;814 - MUZUSP 6324 Sapajus cay (F);MT - Cáceres;Sapajus_cay;Savanna;F;-16.29;-57.98;Sapajus_cay_3;SV;17
12;12;816 - MUZUSP 2582 Sapajus xanthosternos (M);BA - Senhor do Bonfim;Sapajus_xanthosternos;Forest;M;-10.47;-40.14;Sapajus_xanthosternos_2;AF;8
13;13;817 - MUZUSP 2583 Sapajus xanthosternos (M);BA - Senhor do Bonfim;Sapajus_xanthosternos;Forest;M;-10.47;-40.14;Sapajus_xanthosternos_3;AF;8
14;14;818 - MUZUSP 2585 Sapajus xanthosternos (F);BA - Senhor do Bonfim;Sapajus_xanthosternos;Forest;F;-10.47;-40.14;Sapajus_xanthosternos_4;AF;8
15;15;819 - MUZUSP 2586 Sapajus xanthosternos (M);BA - Senhor do Bonfim;Sapajus_xanthosternos;Forest;M;-10.47;-40.14;Sapajus_xanthosternos_5;AF;8
16;16;820 - MUZUSP 5915 Sapajus robustus (M);MG - Baixo Rio Suaçui;Sapajus_robustus;Forest;M;-18.91;-42.09;Sapajus_robustus;AF;18
17;17;821 - MUZUSP 5916 Sapajus robustus (M);MG - Baixo Rio Suaçui;Sapajus_robustus;Forest;M;-18.91;-42.09;Sapajus_robustus_2;AF;18
18;18;822 - MUZUSP 5919 Sapajus robustus (F);MG - Baixo Rio Suaçui;Sapajus_robustus;Forest;F;-18.91;-42.09;Sapajus_robustus_3;AF;18
19;19;823 - MUZUSP 5920 Sapajus robustus (F);MG - Baixo Rio Suaçui;Sapajus_robustus;Forest;F;-18.91;-42.09;Sapajus_robustus_4;AF;18
20;21;825 - MUZUSP 11095 Sapajus libidinosus (F);GO - Anicuns - Fazenda Agua Clara;Sapajus_libidinosus;Savanna;F;-16.36;-50.02;Sapajus_libidinosus_2;SV;25
21;22;826 - MUZUSP 11096 Sapajus libidinosus (M);GO - Anicuns - Fazenda Agua Clara;Sapajus_libidinosus;Savanna;M;-16.36;-50.02;Sapajus_libidinosus_3;SV;25
22;23;827 - MUZUSP 11097 Sapajus libidinosus (M);GO - Anicuns - Fazenda Agua Clara;Sapajus_libidinosus;Savanna;M;-16.36;-50.02;Sapajus_libidinosus_4;SV;25
23;24;828 - MUZUSP 5321 Sapajus macrocephalus (M);AM - Eirunepé, Santa Cruz, Rio Eiru;Sapajus_apella;Forest;M;-7.28;-70.3;Sapajus_apella_7;AM;15
24;25;829 - MUZUSP 5318 Sapajus macrocephalus (F);AM - Eirunepé, Santa Cruz, Rio Eiru;Sapajus_apella;Forest;F;-7.28;-70.3;Sapajus_apella_8;AM;15
25;26;830 - MUZUSP 779 Sapajus macrocephalus (M);AM - Rio Juruá;Sapajus_apella;Forest;M;-2.63;-65.82;Sapajus_apella_9;AM;15
26;27;831 - MUZUSP 10542 Sapajus macrocephalus (F);AM - Eirunepé;Sapajus_apella;Forest;F;-6.66;-69.87;Sapajus_apella_10;AM;15
27;28;832 - MUZUSP 19622 Sapajus nigritus (F);SP - São Vicente, Estação Engenheiro Ferraz;Sapajus_nigritus;Forest;F;-23.98;-46.62;Sapajus_nigritus;AF;19
28;29;833 - MUZUSP 6015 Sapajus nigritus (F);SP - Porto Cabral, Rio Paraná;Sapajus_nigritus;Forest;F;-24.51;-47.7;Sapajus_nigritus_2;AF;19
29;30;834 - MUZUSP 6887 Sapajus nigritus (M);SP - Boracéia;Sapajus_nigritus;Forest;M;-22.12;-48.82;Sapajus_nigritus_3;AF;19
30;31;835 - MUZUSP 19620 Sapajus nigritus (M);SP - São Vicente, Estação Engenheiro Ferraz;Sapajus_nigritus;Forest;M;-23.98;-46.62;Sapajus_nigritus_4;AF;19
31;32;BUBADUÉ3035_Sapajus_nigritus_MN_5676_Fêmea_mld;ES - Santa Teresa. Colonia do Milanez, 25 de julho;Sapajus_nigritus;Forest;F;-19.85;-40.55;Sapajus_nigritus_5;AF;19
32;33;BUBADUÉ3036_Sapajus_nigritus_MN_5719_Fêmea_mld;ES - Santa Teresa, São João de Petropolis - Mata da Escola;Sapajus_nigritus;Forest;F;-19.8;-40.68;Sapajus_nigritus_6;AF;19
33;34;BUBADUÉ3037_Sapajus_nigritus_MN_5724_Fêmea_mld;ES - Santa Teresa, São João de Petropolis - Mata da Escola;Sapajus_nigritus;Forest;F;-19.8;-40.68;Sapajus_nigritus_7;AF;19
34;35;BUBADUÉ3038_Sapajus_nigritus_MN_5712_Fêmea_mld;ES - Santa Teresa, São João de Petropolis - Mata da Escola;Sapajus_nigritus;Forest;F;-19.8;-40.68;Sapajus_nigritus_8;AF;19
35;36;BUBADUÉ3039_Sapajus_nigritus_MN_5731_Fêmea_mld;ES - Santa Teresa, São João de Petropolis - Mata da Escola;Sapajus_nigritus;Forest;F;-19.8;-40.68;Sapajus_nigritus_9;AF;19
36;37;BUBADUÉ3040_Sapajus_nigritus_MN_5684_Macho_mld;ES - Santa Teresa, São João de Petropolis - Mata da Escola;Sapajus_nigritus;Forest;M;-19.8;-40.68;Sapajus_nigritus_10;AF;19
37;38;BUBADUÉ3041_Sapajus_nigritus_MN_5681_Macho_mle;ES - Santa Teresa. Colonia do Milanez, 25 de julho;Sapajus_nigritus;Forest;M;-19.85;-40.55;Sapajus_nigritus_11;AF;19
38;39;BUBADUÉ3042_Sapajus_nigritus_MN_5699_Macho_mld;ES - Santa Teresa, São João de Petropolis - Mata da Escola;Sapajus_nigritus;Forest;M;-19.8;-40.68;Sapajus_nigritus_12;AF;19
40;41;BUBADUÉ3044_Sapajus_nigritus_MN_5701_Macho_mle;MG - Além Paraíba , Fazenda São Geraldo;Sapajus_nigritus;Forest;M;-21.82;-42.59;Sapajus_nigritus_14;AF;19
41;42;BUBADUÉ3203_Sapajus_libidinosus_MN_23321_Fêmea_mld;PE - Serrita;Sapajus_libidinosus;Savanna;F;-7.95;-39.3;Sapajus_libidinosus_5;SV;25
42;43;BUBADUÉ3204_Sapajus_libidinosus_MN_4619_Fêmea_mld;MG - Faz. Cabacal, Uberaba;Sapajus_libidinosus;Savanna;F;-19.42;-48.3;Sapajus_libidinosus_6;SV;25
43;44;BUBADUÉ3205_Sapajus_libidinosus_MN_4572_Fêmea_mle;MG -  Araguari;Sapajus_libidinosus;Savanna;F;-18.66;-48.29;Sapajus_libidinosus_7;SV;25
44;45;BUBADUÉ3206_Sapajus_libidinosus_MN_4585_Fêmea_mld;MG - *;Sapajus_libidinosus;Savanna;F;-17.5;-44.56;Sapajus_libidinosus_8;SV;25
45;46;BUBADUÉ3207_Sapajus_libidinosus_MN_4526_Fêmea_mld;MG -  Araguari;Sapajus_libidinosus;Savanna;F;-18.66;-48.29;Sapajus_libidinosus_9;SV;25
46;47;BUBADUÉ3208_Sapajus_libidinosus_MN_4618_Macho_mld;MG - Faz. Pantano, Patos de Minas;Sapajus_libidinosus;Savanna;M;-18.6;-46.82;Sapajus_libidinosus_10;SV;25
47;48;BUBADUÉ3209_Sapajus_libidinosus_MN_4624_Macho_mld;"MG - Faz. Violeta; Estrella do Sul, Cascalho Rico";Sapajus_libidinosus;Savanna;M;-18.57;-47.91;Sapajus_libidinosus_11;SV;25
48;49;BUBADUÉ3210_Sapajus_libidinosus_MN_4587_Macho_mld;MG -  Araguari;Sapajus_libidinosus;Savanna;M;-18.66;-48.29;Sapajus_libidinosus_12;SV;25
49;50;BUBADUÉ3211_Sapajus_libidinosus_MN_4586_Macho_mld;MG - Faz. Cabacal, Uberaba;Sapajus_libidinosus;Savanna;M;-19.42;-48.3;Sapajus_libidinosus_13;SV;25
50;51;BUBADUÉ3212_Sapajus_libidinosus_MN_4575_Macho_mld;MG -  Araguari;Sapajus_libidinosus;Savanna;M;-18.66;-48.29;Sapajus_libidinosus_14;SV;25
51;52;BUBADUÉ3223_Sapajus_robustus_MN_21189_Macho_mld;ES - Faz. Samambaia, Conceição da Barra;Sapajus_robustus;Forest;M;-18.58;-40.08;Sapajus_robustus_5;AF;18
52;53;BUBADUÉ3224_Sapajus_robustus_MN_21194_Macho_mld;ES - Mata São João, Vila São Domingos;Sapajus_robustus;Forest;M;-19.59;-40.54;Sapajus_robustus_6;AF;18
53;54;BUBADUÉ3225_Sapajus_robustus_MN_21218_Macho_mld;BA - Sapucaieira, Alcobaça;Sapajus_robustus;Forest;M;-17.5;-39.33;Sapajus_robustus_7;AF;18
54;55;BUBADUÉ3226_Sapajus_robustus_MN_21214_Macho_mld;BA - Mucurizinho, Mucuri;Sapajus_robustus;Forest;M;-17.98;-39.96;Sapajus_robustus_8;AF;18
55;56;BUBADUÉ3227_Sapajus_robustus_MN_21217_Fêmea_mld;BA - Sapucaieira, Alcobaça;Sapajus_robustus;Forest;F;-17.5;-39.33;Sapajus_robustus_9;AF;18
56;57;BUBADUÉ3228_Sapajus_robustus_MN_21209_Fêmea_mld;BA - Mucurizinho, Mucuri;Sapajus_robustus;Forest;F;-17.98;-39.96;Sapajus_robustus_10;AF;18
57;58;BUBADUÉ3229_Sapajus_robustus_MN_21219_Fêmea_mld;BA - Sapucaieira, Alcobaça;Sapajus_robustus;Forest;F;-17.5;-39.33;Sapajus_robustus_11;AF;18
58;59;BUBADUÉ3230_Sapajus_robustus_MN_21222_Fêmea_mld;BA - Sapucaieira, Alcobaça;Sapajus_robustus;Forest;F;-17.5;-39.33;Sapajus_robustus_12;AF;18
59;60;BUBADUÉ3238_Sapajus_xanthosternos_MN_23228_Macho_mld;MG - Belmonte, Belo Horizonte;Sapajus_xanthosternos;Forest;M;-19.85;-43.9;Sapajus_xanthosternos_6;AF;8
60;62;BUBADUÉ3249_Sapajus_cay_MN_4831_Fêmea_mld;MS - Maracajú;Sapajus_cay;Savanna;F;-21.43;-55.66;Sapajus_cay_4;SV;17
61;64;BUBADUÉ3250_Sapajus_cay_MN_4633_Fêmea_mld;MT - Cuiabá;Sapajus_cay;Savanna;F;-15.68;-56.07;Sapajus_cay_5;SV;17
62;65;BUBADUÉ3251_Sapajus_cay_MN_4826_Fêmea_mld;MT - Cuiabá;Sapajus_cay;Savanna;F;-15.68;-56.07;Sapajus_cay_6;SV;17
63;66;BUBADUÉ3252_Sapajus_cay_MN_8502_Macho_mld;"MT - Posto Jacaré; Baixo Kuluene, Alto Xingu";Sapajus_cay;Savanna;M;-13.52;-53.1;Sapajus_cay_7;SV;17
64;67;BUBADUÉ3253_Sapajus_cay_MN_23357_Macho_mld;MT - Rio Arraias, Alto Xingu;Sapajus_cay;Savanna;M;-12;-54.45;Sapajus_cay_8;SV;17
65;68;BUBADUÉ3254_Sapajus_cay_MN_4833_Macho_mld;MS - Maracajú;Sapajus_cay;Savanna;M;-21.43;-55.66;Sapajus_cay_9;SV;17
69;67;1508_5788;MS - Salobra;Sapajus_cay;Savanna;M;-20.2;-56.55;Sapajus_cay_10;SV;17
70;68;1510_19696;MT - Rio Piquiri;Sapajus_cay;Savanna;F;-17.23;-56.01;Sapajus_cay_11;SV;17
71;69;1520_19680;"MS - Porto XV de Novembro; Faz. Santa Bárbara";Sapajus_cay;Savanna;F;-21.73;-52.25;Sapajus_cay_12;SV;17
72;70;1526_4299;MS - Salobra;Sapajus_cay;Savanna;M;-20.2;-56.55;Sapajus_cay_13;SV;17
73;71;1527_6323;"MT - Bom Jesus do Araguaia; Palmeiras";Sapajus_cay;Savanna;M;-12.29;-51.86;Sapajus_cay_14;SV;17
74;72;1529_3363;MS - Corumbá;Sapajus_cay;Savanna;F;-19.03;-57.63;Sapajus_cay_15;SV;17
75;73;1533_3361;MS - Corumbá;Sapajus_cay;Savanna;M;-19.03;-57.63;Sapajus_cay_16;SV;17
76;74;1537_3360;MS - Corumbá;Sapajus_cay;Savanna;F;-19.03;-57.63;Sapajus_cay_17;SV;17
77;75;1538_3770;MS - Coxim;Sapajus_cay;Savanna;F;-18.32;-54.74;Sapajus_cay_18;SV;17
79;76;1542_28539;"MS - Brasilândia; Faz. Barma";Sapajus_cay;Savanna;F;-21.26;-51.91;Sapajus_cay_20;SV;17
80;77;1544_3775;MS - Miranda;Sapajus_cay;Savanna;M;-20.25;-56.4;Sapajus_cay_21;SV;17
81;78;1548_4317;MS - Corumbá;Sapajus_cay;Savanna;M;-19.03;-57.63;Sapajus_cay_22;SV;17
82;79;1551_6964;MT - São Domingos, Rio das Mortes;Sapajus_cay;Savanna;F;-13.55;-51.41;Sapajus_cay_23;SV;17
83;80;1556_6960;MT - São Domingos, Rio das Mortes;Sapajus_cay;Savanna;M;-13.55;-51.41;Sapajus_cay_24;SV;17
84;81;1559_6963;MT - São Domingos, Rio das Mortes;Sapajus_cay;Savanna;F;-13.55;-51.41;Sapajus_cay_25;SV;17
85;82;1562_6970;MT - São Domingos, Rio das Mortes;Sapajus_cay;Savanna;M;-13.55;-51.41;Sapajus_cay_26;SV;17
86;83;1567_6961;MT - Porto Guaporé, Rio 7 de Setembro;Sapajus_cay;Savanna;M;-13.58;-52.43;Sapajus_cay_27;SV;17
87;84;1576_10716;PA - Lagoa Ipavu, Parque do Xingu;Sapajus_cay;Savanna;M;-12.14;-53.44;Sapajus_cay_28;SV;17
88;85;1581_6321;MT - Rio Aricá, Fazenda Aricá;Sapajus_cay;Savanna;F;-15.31;-57.55;Sapajus_cay_29;SV;17
89;86;1583_2883;MA - Miritiba;Sapajus_apella;Forest;M;-2.6;-43.46;Sapajus_apella_11;AM;15
90;87;1585_2745;MA - Miritiba;Sapajus_apella;Forest;F;-2.6;-43.46;Sapajus_apella_12;AM;15
91;88;1587_2488;MA - Boa Vista;Sapajus_libidinosus;Savanna;M;-2.48;-43.31;Sapajus_libidinosus_15;SV;25
92;89;1591_2364;"GO - Faz. Esperança; Rio Araguaia";Sapajus_libidinosus;Savanna;F;-14.29;-50.96;Sapajus_libidinosus_16;SV;25
93;90;1592_2365;"GO - Faz. Esperança; Rio Araguaia";Sapajus_libidinosus;Savanna;M;-14.29;-50.96;Sapajus_libidinosus_17;SV;25
94;91;1593_10642;GO - Goiânia;Sapajus_libidinosus;Savanna;F;-16.67;-49.38;Sapajus_libidinosus_18;SV;25
95;92;1595_7907;"GO - Jataí; Faz. Santa Adéllia";Sapajus_libidinosus;Savanna;M;-18.12;-51.56;Sapajus_libidinosus_19;SV;25
96;93;1596_7905;"GO - Jataí; Faz. Santa Adéllia";Sapajus_libidinosus;Savanna;M;-18.12;-51.56;Sapajus_libidinosus_20;SV;25
97;94;1597_1430;GO - Ponte Ipê Arcado (Sobre Parnaraiba);Sapajus_libidinosus;Savanna;F;-18.42;-49.19;Sapajus_libidinosus_21;AM;15
98;95;1599_21325;"PA - Cachoeira do Espelho; Rio Xingu";Sapajus_apella;Forest;M;-3.8;-52.53;Sapajus_apella_13;AM;15
99;96;1600_10546;PA - Bravo, Rio Amazonas;Sapajus_apella;Forest;M;-1.32;-51.44;Sapajus_apella_14;AM;15
100;97;1602_19595;PA - Fordlândia;Sapajus_apella;Forest;F;-3.83;-55.49;Sapajus_apella_15;AM;15
101;98;1604_19591;PA - Fordlândia;Sapajus_apella;Forest;M;-3.83;-55.49;Sapajus_apella_16;AM;15
102;99;1608_19604;"PA - Urucutituba; Rio Tapajós";Sapajus_apella;Forest;M;-3.14;-58.16;Sapajus_apella_17;AM;15
103;100;1610_19608;"PA - Urucutituba; Rio Tapajós";Sapajus_apella;Forest;F;-3.14;-58.16;Sapajus_apella_18;AM;15
104;101;1613_5753;"PA - Caxiricatuba; Rio Tapajós";Sapajus_apella;Forest;M;-2.19;-54.91;Sapajus_apella_19;AM;15
105;102;1616_5118;"PA - Caxiricatuba; Rio Tapajós";Sapajus_apella;Forest;F;-2.19;-54.91;Sapajus_apella_20;AM;15
106;103;1618_5123;"PA - Aruã; Rio Arapiuns";Sapajus_apella;Forest;F;-2.65;-55.72;Sapajus_apella_21;AM;15
107;104;1620_5674;"PA - Aruã; Rio Arapiuns";Sapajus_apella;Forest;M;-2.65;-55.72;Sapajus_apella_22;AM;15
108;105;1625_4291;PA - Boim;Sapajus_apella;Forest;M;-2.81;-55.19;Sapajus_apella_23;AM;15
109;106;1627_25452;PA - Boca do Bacajá;Sapajus_apella;Forest;M;-2.63;-55.15;Sapajus_apella_24;AM;15
110;107;1629_19635;"SC - São Francisco do Sul; Figueira do Pontal";Sapajus_nigritus;Forest;F;-26.17;-48.67;Sapajus_nigritus_15;AF;19
111;108;1633_19639;"SC - São Francisco do Sul; Figueira do Pontal";Sapajus_nigritus;Forest;M;-26.17;-48.67;Sapajus_nigritus_16;AF;19
