TPS,Espécime,Foto,Tombo,Museu,Localidade,Especie,Sexo,Local,Coordenadas,Obs,Massa (g),Data de coleta
0,1,JN 1005,23233,Museu Nacional (MN),BA - Belmonte,Sapajus_xanthosternos,F,6,"15°51'54.5""S 38°52'21.8""W",,2300,
1,2,JN 1006,23240,Museu Nacional (MN),"BA - Faz. Sucurui, itajuípe",Sapajus_libidinosus,F,8,"14°41'07.0""S 39°21'52.0""W",,,
2,3,JN 356,21764,Museu Emilo Goeldi (MG),"RO - UHE de Samuel, rio Jamari, afl. dir. rio Madeira",Sapajus_apella,F,63,"8°45'09.0""S 63°27'20.4""W",,,
3,4,JN 357,21765,Museu Emilo Goeldi (MG),"RO - UHE de Samuel, rio Jamari, afl. dir. rio Madeira",Sapajus_apella,F,63,"8°45'09.0""S 63°27'20.4""W",,,
4,5,JN 358,21766,Museu Emilo Goeldi (MG),"RO - UHE de Samuel, rio Jamari, afl. dir. rio Madeira",Sapajus_apella,M,63,"8°45'09.0""S 63°27'20.4""W",,,
5,6,JN 359,26521,Museu Emilo Goeldi (MG),"PA - Oriximiná, Rio Saracazinho",Sapajus_apella,F,60,"1°45'34.8""S 55°51'49.6""W",,,
6,7,JN 360,21494,Museu Emilo Goeldi (MG),"PA - Oriximiná, Cachoeira Porteira",Sapajus_apella,M,59,"1°05'30.2""S 57°02'19.5""W",,,
7,8,JN 361,21497,Museu Emilo Goeldi (MG),"PA - Oriximiná, Cachoeira Porteira",Sapajus_apella,M,59,"1°05'30.2""S 57°02'19.5""W",,,
8,9,JN 812,6317,Museu de Zoologia da USP (MUZUSP),"MT - Rio Aricá, Fazenda Aricá",Sapajus_cay,M,47,"14°11'02.3""S 56°37'13.0""W",,,
9,10,JN 813,6319,Museu de Zoologia da USP (MUZUSP),"MT - Rio Aricá, Fazenda Aricá",Sapajus_cay,M,47,"14°11'02.3""S 56°37'13.0""W",,,
10,11,JN 814,6324,Museu de Zoologia da USP (MUZUSP),MT - Faz. Palmeiras,Sapajus_cay,F,45,"11°53'56.5""S 56°01'50.0""W",Outlier,,
11,13,JN 816,2582,Museu de Zoologia da USP (MUZUSP),BA - Senhor do Bonfim,Sapajus_xanthosternos,M,11,"10°27'43.6""S 40°11'19.0""W",,,
13,14,JN 817,2583,Museu de Zoologia da USP (MUZUSP),BA - Senhor do Bonfim,Sapajus_xanthosternos,M,11,"10°27'43.6""S 40°11'19.0""W",,,
14,15,JN 818,2585,Museu de Zoologia da USP (MUZUSP),BA - Senhor do Bonfim,Sapajus_xanthosternos,F,11,"10°27'43.6""S 40°11'19.0""W",,,
15,16,JN 819,2586,Museu de Zoologia da USP (MUZUSP),BA - Senhor do Bonfim,Sapajus_xanthosternos,M,11,"10°27'43.6""S 40°11'19.0""W",,,
16,17,JN 820,5915,Museu de Zoologia da USP (MUZUSP),MG - Baixo Rio Suaçui,Sapajus_robustus,M,24,"18°36'30.1""S 42°22'24.1""W",,,
17,18,JN 821,5916,Museu de Zoologia da USP (MUZUSP),MG - Baixo Rio Suaçui,Sapajus_robustus,M,24,"18°36'30.1""S 42°22'24.1""W",,,
18,19,JN 822,5919,Museu de Zoologia da USP (MUZUSP),MG - Baixo Rio Suaçui,Sapajus_robustus,F,24,"18°36'30.1""S 42°22'24.1""W",,,
19,20,JN 823,5920,Museu de Zoologia da USP (MUZUSP),MG - Baixo Rio Suaçui,Sapajus_robustus,F,24,"18°36'30.1""S 42°22'24.1""W",,,
21,22,JN 825,11095,Museu de Zoologia da USP (MUZUSP),GO - Anicuns - Fazenda Agua Clara,Sapajus_libidinosus,F,16,"16°22'13.7""S 50°01'43.3""W",,,
22,23,JN 826,11096,Museu de Zoologia da USP (MUZUSP),GO - Anicuns - Fazenda Agua Clara,Sapajus_libidinosus,M,16,"16°22'13.7""S 50°01'43.3""W",,,
23,24,JN 827,11097,Museu de Zoologia da USP (MUZUSP),GO - Anicuns - Fazenda Agua Clara,Sapajus_libidinosus,M,16,"16°22'13.7""S 50°01'43.3""W",,,
24,25,JN 828,5321,Museu de Zoologia da USP (MUZUSP),"AM - Santa Cruz, Rio Eiru",Sapajus_macrocephalus,M,4,"7°12'35.2""S 70°17'58.6""W",,,
25,26,JN 829,5318,Museu de Zoologia da USP (MUZUSP),"AM - Santa Cruz, Rio Eiru",Sapajus_macrocephalus,F,4,"7°12'35.2""S 70°17'58.6""W",,,
26,27,JN 830,779,Museu de Zoologia da USP (MUZUSP),AM - Rio Juruá,Sapajus_macrocephalus,M,3,"6°25'43.1""S 69°26'00.1""W",,,
27,28,JN 831,10542,Museu de Zoologia da USP (MUZUSP),AM - Eirunepé,Sapajus_macrocephalus,F,2,"6°39'40.1""S 69°52'01.7""W",,,
28,29,JN 832,19622,Museu de Zoologia da USP (MUZUSP),"SP - São Vicente, Estação Engenheiro Ferraz",Sapajus_nigritus,F,68,"23°58'48.0""S 46°37'36.5""W",,,
29,30,JN 833,6015,Museu de Zoologia da USP (MUZUSP),"SP - Porto Cabral, Rio Paraná",Sapajus_nigritus,F,67,"24°30'37.9""S 47°42'01.1""W",,,
30,31,JN 834,6887,Museu de Zoologia da USP (MUZUSP),SP - Boracéia,Sapajus_nigritus,M,66,"22°11'39.6""S 48°46'41.6""W",,,
31,32,JN 835,19620,Museu de Zoologia da USP (MUZUSP),"SP - São Vicente, Estação Engenheiro Ferraz",Sapajus_nigritus,M,68,"23°58'48.0""S 46°37'36.5""W",,,
32,33,BUBADUÉ 3035,5676,Museu Nacional (MN),"ES - Santa Teresa. Colonia do Milanez, 25 de julho",Sapajus_nigritus,F,15,"19°49'25.1""S 40°36'24.3""W",,,
33,34,BUBADUÉ 3036,5719,Museu Nacional (MN),"ES - Santa Teresa, São João de Petropolis - Floresta da Capela, São Braz",Sapajus_nigritus,F,14,"19°47'45.2""S 40°42'51.2""W",,,
34,35,BUBADUÉ 3037,5724,Museu Nacional (MN),"ES - Santa Teresa, São João de Petropolis - Floresta da Capela, São Braz",Sapajus_nigritus,F,14,"19°47'45.2""S 40°42'51.2""W",,,
35,36,BUBADUÉ 3038,5712,Museu Nacional (MN),"ES - Santa Teresa, São João de Petropolis - Floresta da Capela, São Braz",Sapajus_nigritus,F,14,"19°47'45.2""S 40°42'51.2""W",,,
36,37,BUBADUÉ 3039,5731,Museu Nacional (MN),"ES - Santa Teresa, São João de Petropolis - Floresta da Capela, São Braz",Sapajus_nigritus,F,14,"19°47'45.2""S 40°42'51.2""W",,,
37,38,BUBADUÉ 3040,5684,Museu Nacional (MN),"ES - Santa Teresa, São João de Petropolis - Floresta da Capela, São Braz",Sapajus_nigritus,M,14,"19°47'45.2""S 40°42'51.2""W",,,
38,39,BUBADUÉ 3041,5681,Museu Nacional (MN),"ES - Santa Teresa. Colonia do Milanez, 25 de julho",Sapajus_nigritus,M,15,"19°49'25.1""S 40°36'24.3""W",,,
39,40,BUBADUÉ 3042,5699,Museu Nacional (MN),"ES - Santa Teresa, São João de Petropolis - Floresta da Capela, São Braz",Sapajus_nigritus,M,14,"19°47'45.2""S 40°42'51.2""W",,,
40,,BUBADUÉ 3043,5746,Museu Nacional (MN),"ES - Santa Teresa, São João de Petropolis - Floresta da Capela, São Braz",Sapajus_nigritus,M,14,"19°47'45.2""S 40°42'51.2""W",Outlier,,
41,41,BUBADUÉ 3044,5701,Museu Nacional (MN),"MG - Além Paraíba , Fazenda São Geraldo",Sapajus_nigritus,M,23,"21°49'19.9""S 42°35'35.4""W",INCLINADO,,
42,42,BUBADUÉ 3203,23321,Museu Nacional (MN),PE - Serrita,Sapajus_libidinosus,F,62,"7°56'50.4""S 39°17'45.9""W",,2700,
43,43,BUBADUÉ 3204,4619,Museu Nacional (MN),"MG - Faz. Cabacal, Uberaba",Sapajus_libidinosus,F,26,"19°24'40.4""S 48°20'31.1""W",,2060,23/07/1935
44,44,BUBADUÉ 3205,4572,Museu Nacional (MN),"MG - Faz. Duas Pontas, Araguari, Piracahyba",Sapajus_libidinosus,F,28,"18°38'42.2""S 48°12'18.3""W",,1520,28/07/1935
45,45,BUBADUÉ 3206,4585,Museu Nacional (MN),MG - Ponto mediano ,Sapajus_libidinosus,F,34,"19°55'23.9""S 43°56'41.4""W",,,27/07/1935
46,46,BUBADUÉ 3207,4526,Museu Nacional (MN),"MG - Faz. Patrona, Araguari",Sapajus_libidinosus,F,30,"18°21'53.3""S 48°18'27.4""W",,,24/09/1935
47,47,BUBADUÉ 3208,4618,Museu Nacional (MN),"MG - Faz. Pantano, Patos de Minas",Sapajus_libidinosus,M,29,"18°35'45.0""S 46°49'29.1""W",INCLINADO,2350,30/07/1935
48,48,BUBADUÉ 3209,4624,Museu Nacional (MN),"MG - Faz. Violeta; Estrella do Sul, Cascalho Rico",Sapajus_libidinosus,M,32,"18°44'27.2""S 47°41'37.4""W",,1750,09/11/35
49,49,BUBADUÉ 3210,4587,Museu Nacional (MN),"MG - Faz. Sinhozinho, Araguari",Sapajus_libidinosus,M,31,"18°38'48.8""S 48°11'59.4""W",,3300,30/10/35
50,50,BUBADUÉ 3211,4586,Museu Nacional (MN),"MG - Faz. Cabacal, Uberaba",Sapajus_libidinosus,M,26,"19°24'40.4""S 48°20'31.1""W",,2750,23/09/1935
51,51,BUBADUÉ 3212,4575,Museu Nacional (MN),"MG - Faz. Duas Pontas, Araguari",Sapajus_libidinosus,M,27,"18°38'42.2""S 48°12'18.3""W",,3250,28/09/1935
52,52,BUBADUÉ 3223,21189,Museu Nacional (MN),"ES - Faz. Samambaia, Conceição da Barra",Sapajus_robustus,M,12,"18°34'54.0""S 39°44'04.0""W",,,
53,53,BUBADUÉ 3224,21194,Museu Nacional (MN),"ES - Mata São João, Vila São Domingos",Sapajus_robustus,M,13,"20°07'11.7""S 40°18'16.1""W",,,
54,54,BUBADUÉ 3225,21218,Museu Nacional (MN),"BA - Faz. Vargem do Outeiro; Sapucaieira, Alcobaça",Sapajus_robustus,M,9,"17°31'54.9""S 39°12'15.3""W",,,
55,55,BUBADUÉ 3226,21214,Museu Nacional (MN),"BA - Mucurizinho, Mucuri",Sapajus_robustus,M,10,"18°04'47.5""S 39°33'15.7""W",,4500,30/06/1949
56,56,BUBADUÉ 3227,21217,Museu Nacional (MN),"BA - Faz. Mucugê; Sapucaieira, Alcobaça",Sapajus_robustus,F,7,"17°31'54.9""S 39°12'15.3""W",,2200,05/06/49
57,57,BUBADUÉ 3228,21209,Museu Nacional (MN),"BA - Mucurizinho, Mucuri",Sapajus_robustus,F,10,"18°04'47.5""S 39°33'15.7""W",,2200,22/06/1949
58,58,BUBADUÉ 3229,21219,Museu Nacional (MN),"BA - Faz. Vargem do Outeiro; Sapucaieira, Alcobaça",Sapajus_robustus,F,9,"17°31'54.9""S 39°12'15.3""W",,2300,09/06/49
59,59,BUBADUÉ 3230,21222,Museu Nacional (MN),"BA - Faz. Mucugê; Sapucaieira, Alcobaça",Sapajus_robustus,F,7,"17°31'54.9""S 39°12'15.3""W",,1500,30/05/1949
60,60,BUBADUÉ 3238,23228,Museu Nacional (MN),"MG - Belmonte, Belo Horizonte",Sapajus_xanthosternos,M,25,"19°50'45.9""S 43°54'05.0""W",,,
61,,BUBADUÉ 3240,23229,Museu Nacional (MN),"MG - Passuí, Belo Horizonte",Sapajus_xanthosternos,M,33,"19°38'49.8""S 43°56'46.8""W",Quebrado,2600,
62,61,BUBADUÉ 3249,4831,Museu Nacional (MN),MS - Maracajú,Sapajus_cay,F,38,"21°37'50.9""S 55°09'34.7""W",,,
63,62,BUBADUÉ 3250,4633,Museu Nacional (MN),"MT - Capas de Boi, Cuiabá",Sapajus_cay,F,43,"15°35'39.9""S 56°05'51.4""W",Outlier,,xx/xx/1935
65,63,BUBADUÉ 3251,4826,Museu Nacional (MN),MT - Cuiabá,Sapajus_cay,F,44,"15°35'44.9""S 56°05'24.7""W",,,
66,64,BUBADUÉ 3252,8502,Museu Nacional (MN)," MT - Posto Jacaré; Baixo Kuluene, Alto Xingu",Sapajus_cay,M,1,"11°47'39.3""S 53°34'30.8""W",apella/libidinosus,,20/06/1948
67,65,BUBADUÉ 3253,23357,Museu Nacional (MN),"MT - Rio Arraia, Alto Xingu",Sapajus_cay,M,48,"10°28'02.6""S 53°47'41.5""W",apella/libidinosus,,24/08/1956
68,66,BUBADUÉ 3254,4833,Museu Nacional (MN),MS - Maracajú,Sapajus_cay,M,38,"21°37'50.9""S 55°09'34.7""W",,,
69,67,1508,5788,Museu de Zoologia da USP (MUZUSP),MS - Salobra,Sapajus_cay,M,41,"-20.201946299004035, -56.54840165018993",,,
70,68,1510,19696,Museu de Zoologia da USP (MUZUSP),MT - Rio Piquiri,Sapajus_cay,F,49,"-17.23322492971386, -56.011166727856825",,,
71,69,1520,19680,Museu de Zoologia da USP (MUZUSP),MS - Porto XV de Novembro; Faz. Santa Bárbara ,Sapajus_cay,F,40,"-21.725390220554146, -52.25076148861101",,,
72,70,1526,4299,Museu de Zoologia da USP (MUZUSP),MS - Salobra,Sapajus_cay,M,41,"-20.201946299004035, -56.54840165018993",,,
73,71,1527,6323,Museu de Zoologia da USP (MUZUSP),MT - Bom Jesus do Araguaia; Palmeiras,Sapajus_cay,M,42,"-12.28896786281545, -51.8575437502497",,,
74,72,1529,3363,Museu de Zoologia da USP (MUZUSP),MS - Corumbá ,Sapajus_cay,F,36,"-19.031649053448117, -57.63112628850907",,,
75,73,1533,3361,Museu de Zoologia da USP (MUZUSP),MS - Corumbá ,Sapajus_cay,M,36,"-19.031649053448117, -57.63112628850907",,,
76,74,1537,3360,Museu de Zoologia da USP (MUZUSP),MS - Corumbá ,Sapajus_cay,F,36,"-19.031649053448117, -57.63112628850907",,,
77,75,1538,3770,Museu de Zoologia da USP (MUZUSP),MS - Coxim,Sapajus_cay,F,37,"-18.317162029567186, -54.74316009054779",,,
78,,1540,3774,Museu de Zoologia da USP (MUZUSP),MS - Miranda,Sapajus_cay,F,39,"-20.248107099132145, -56.3994942490396",Quebrado,,
79,76,1542,28539,Museu de Zoologia da USP (MUZUSP),MS - Brasilândia; Faz. Barma,Sapajus_cay,F,35,"-21.25853280664087, -51.9110292696835",,,
80,77,1544,3775,Museu de Zoologia da USP (MUZUSP),MS - Miranda,Sapajus_cay,M,39,"-20.248107099132145, -56.3994942490396",,,
81,78,1548,4317,Museu de Zoologia da USP (MUZUSP),MS - Corumbá ,Sapajus_cay,M,36,"-19.031649053448117, -57.63112628850907",,,
82,79,1551,6964,Museu de Zoologia da USP (MUZUSP),"MT - São Domingos, Rio das Mortes",Sapajus_cay,F,50,"-13.548480637863193, -51.4127186132448",,,
83,80,1556,6960,Museu de Zoologia da USP (MUZUSP),"MT - São Domingos, Rio das Mortes",Sapajus_cay,M,51,"-13.548480637863193, -51.4127186132448",,,
84,81,1559,6963,Museu de Zoologia da USP (MUZUSP),"MT - São Domingos, Rio das Mortes",Sapajus_cay,F,51,"-13.548480637863193, -51.4127186132448",,,
85,82,1562,6970,Museu de Zoologia da USP (MUZUSP),"MT - São Domingos, Rio das Mortes",Sapajus_cay,M,51,"-13.548480637863193, -51.4127186132448",,,
86,83,1567,6961,Museu de Zoologia da USP (MUZUSP),"MT - Porto Guaporé, Rio 7 de Setembro",Sapajus_cay,M,46,"-13.57907020021861, -52.42609579370743",,,
87,84,1576,10716,Museu de Zoologia da USP (MUZUSP),"PA - Lagoa Ipavu, Parque do Xingu",Sapajus_cay,M,58,"-12.14116699549517, -53.43570795285288",,,
88,85,1581,6321,Museu de Zoologia da USP (MUZUSP),"MT - Rio Aricá, Fazenda Aricá",Sapajus_cay,F,47,"-15.30560445133098, -57.54874872328417",,,
89,86,1583,2883,Museu de Zoologia da USP (MUZUSP),MA - Miritiba,Sapajus_apella,M,22,"-2.5977459656091173, -43.45908945508429",,,
90,87,1585,2745,Museu de Zoologia da USP (MUZUSP),MA - Miritiba,Sapajus_apella,F,22,"-2.5977459656091173, -43.45908945508429",,,
91,88,1587,2488,Museu de Zoologia da USP (MUZUSP),MA - Boa Vista,Sapajus_libidinosus,M,21,"-2.4776558964425304, -43.30527208015287",,,
92,89,1591,2364,Museu de Zoologia da USP (MUZUSP),GO - Faz. Esperança; Rio Araguaia,Sapajus_libidinosus,F,17,"-14.294992530079817, -50.96342132561898",,,
93,90,1592,2365,Museu de Zoologia da USP (MUZUSP),GO - Faz. Esperança; Rio Araguaia,Sapajus_libidinosus,M,17,"-14.294992530079817, -50.96342132561898",,,
94,91,1593,10642,Museu de Zoologia da USP (MUZUSP),GO - Goiânia ,Sapajus_libidinosus,F,18,"-16.669324916470234, -49.3766067776329",Possível meanspec,,
95,92,1595,7907,Museu de Zoologia da USP (MUZUSP),GO - Jataí; Faz. Santa Adéllia,Sapajus_libidinosus,M,19,"-18.12196540080869, -51.55654415789583",,,
96,93,1596,7905,Museu de Zoologia da USP (MUZUSP),GO - Jataí; Faz. Santa Adéllia,Sapajus_libidinosus,M,19,"-18.12196540080869, -51.55654415789583",,,
97,94,1597,1430,Museu de Zoologia da USP (MUZUSP),GO - Ponte Ipê Arcado (Sobre Parnaraiba),Sapajus_libidinosus,F,20,"-18.41683593479292, -49.19448855719794",,,
98,95,1599,21325,Museu de Zoologia da USP (MUZUSP),PA - Cachoeira do Espelho; Rio Xingu,Sapajus_apella,M,55,"-3.801150157314214, -52.53308377252259",Quebrado,,
99,96,1600,10546,Museu de Zoologia da USP (MUZUSP),"PA - Bravo, Rio Amazonas",Sapajus_apella,M,54,"-1.3239684617888423, -51.43698749922276",,,
100,97,1602,19595,Museu de Zoologia da USP (MUZUSP),PA - Fordlândia,Sapajus_apella,F,57,"-3.8283424778097017, -55.49386438098501",,,
101,98,1604,19591,Museu de Zoologia da USP (MUZUSP),PA - Fordlândia,Sapajus_apella,M,57,"-3.8283424778097017, -55.49386438098501",,,
102,99,1608,19604,Museu de Zoologia da USP (MUZUSP),PA - Urucutituba; Rio Tapajós,Sapajus_apella,M,61,"-3.1385139917716494, -58.15840453610004",,,
103,100,1610,19608,Museu de Zoologia da USP (MUZUSP),PA - Urucutituba; Rio Tapajós,Sapajus_apella,F,61,"-3.1385139917716494, -58.15840453610004",,,
104,101,1613,5753,Museu de Zoologia da USP (MUZUSP),PA - Caxiricatuba; Rio Tapajós ,Sapajus_apella,M,56,"-2.1891913302936814, -54.91178961845232",,,
105,102,1616,5118,Museu de Zoologia da USP (MUZUSP),PA - Caxiricatuba; Rio Tapajós ,Sapajus_apella,F,56,"-2.1891913302936814, -54.91178961845232",Tem algo cobrindo o M2,,
106,103,1618,5123,Museu de Zoologia da USP (MUZUSP),PA - Aruã; Rio Arapiuns ,Sapajus_apella,F,5,"-2.652293397084577, -55.7241032941968",,,
107,104,1620,5674,Museu de Zoologia da USP (MUZUSP),PA - Aruã; Rio Arapiuns ,Sapajus_apella,M,5,"-2.652293397084577, -55.7241032941968",,,
108,105,1625,4291,Museu de Zoologia da USP (MUZUSP),PA - Boim ,Sapajus_apella,M,53,"-2.8134408482082747, -55.19236423111814",,,
109,106,1627,25452,Museu de Zoologia da USP (MUZUSP),PA - Boca do Bacajá,Sapajus_apella,M,52,"-2.6292498305715157, -55.15298626433358",,,
110,107,1629,19635,Museu de Zoologia da USP (MUZUSP),SC - São Francisco do Sul; Figueira do Pontal ,Sapajus_nigritus,F,64,"-26.167958494850748, -48.66507270681523",,,
111,108,1633,19639,Museu de Zoologia da USP (MUZUSP),SC - São Francisco do Sul; Figueira do Pontal ,Sapajus_nigritus,M,64,"-26.167958494850748, -48.66507270681523",,,